-- phpMyAdmin SQL Dump
-- version 4.6.6deb5
-- https://www.phpmyadmin.net/
--
-- Host: localhost:3306
-- Generation Time: Jun 14, 2020 at 07:06 PM
-- Server version: 5.7.30-0ubuntu0.18.04.1
-- PHP Version: 7.2.24-0ubuntu0.18.04.6

SET SQL_MODE = "NO_AUTO_VALUE_ON_ZERO";
SET time_zone = "+00:00";


/*!40101 SET @OLD_CHARACTER_SET_CLIENT=@@CHARACTER_SET_CLIENT */;
/*!40101 SET @OLD_CHARACTER_SET_RESULTS=@@CHARACTER_SET_RESULTS */;
/*!40101 SET @OLD_COLLATION_CONNECTION=@@COLLATION_CONNECTION */;
/*!40101 SET NAMES utf8mb4 */;

--
-- Database: `cricket_naresh`
--

-- --------------------------------------------------------

--
-- Table structure for table `cricket_players`
--

CREATE TABLE `cricket_players` (
  `id` bigint(20) UNSIGNED NOT NULL,
  `first_name` varchar(255) COLLATE utf8mb4_unicode_ci NOT NULL,
  `last_name` varchar(255) COLLATE utf8mb4_unicode_ci DEFAULT NULL,
  `file` varchar(255) COLLATE utf8mb4_unicode_ci DEFAULT NULL,
  `specialist` enum('batsman','bowler','all_rounder','wicket_keeper') COLLATE utf8mb4_unicode_ci NOT NULL,
  `jersey` int(11) DEFAULT NULL,
  `cricket_teams_id` bigint(20) UNSIGNED NOT NULL,
  `is_active` enum('0','1') COLLATE utf8mb4_unicode_ci NOT NULL DEFAULT '1',
  `description` text COLLATE utf8mb4_unicode_ci,
  `created_at` timestamp NULL DEFAULT NULL,
  `updated_at` timestamp NULL DEFAULT NULL
) ENGINE=InnoDB DEFAULT CHARSET=utf8mb4 COLLATE=utf8mb4_unicode_ci;

--
-- Dumping data for table `cricket_players`
--

INSERT INTO `cricket_players` (`id`, `first_name`, `last_name`, `file`, `specialist`, `jersey`, `cricket_teams_id`, `is_active`, `description`, `created_at`, `updated_at`) VALUES
(1, 'Prithvi', 'Shaw', 'bowler.jpeg', 'bowler', 74, 1, '1', NULL, '2020-06-14 07:00:16', '2020-06-14 07:00:16'),
(2, 'Mayank', 'Agarwal', 'bowler.jpeg', 'bowler', 17, 1, '1', NULL, '2020-06-14 07:00:16', '2020-06-14 07:00:16'),
(3, 'Navdeep', 'Saini', 'wicket_keeper.jpeg', 'wicket_keeper', 60, 1, '1', NULL, '2020-06-14 07:00:16', '2020-06-14 07:00:16'),
(4, 'Shivam', 'Dube', 'bowler.jpeg', 'bowler', 25, 1, '1', NULL, '2020-06-14 07:00:16', '2020-06-14 07:00:16'),
(5, 'Shubman', 'Gill', 'bowler.jpeg', 'bowler', 22, 1, '1', NULL, '2020-06-14 07:00:16', '2020-06-14 07:00:16'),
(6, 'Vijay', 'Shankar', 'all_rounder.jpeg', 'all_rounder', 90, 1, '1', NULL, '2020-06-14 07:00:16', '2020-06-14 07:00:16'),
(7, 'Mohammed', 'Siraj', 'batsman.jpeg', 'batsman', 53, 1, '1', NULL, '2020-06-14 07:00:16', '2020-06-14 07:00:16'),
(8, 'Rishabh', 'Pant', 'wicket_keeper.jpeg', 'wicket_keeper', 26, 1, '1', NULL, '2020-06-14 07:00:16', '2020-06-14 07:00:16'),
(9, 'Deepak', 'Chahar', 'bowler.jpeg', 'bowler', 88, 1, '1', NULL, '2020-06-14 07:00:16', '2020-06-14 07:00:16'),
(10, 'Khaleel', 'Ahmed', 'wicket_keeper.jpeg', 'wicket_keeper', 17, 1, '1', NULL, '2020-06-14 07:00:16', '2020-06-14 07:00:16'),
(11, 'Siddarth', 'Kaul', 'batsman.jpeg', 'batsman', 45, 1, '1', NULL, '2020-06-14 07:00:16', '2020-06-14 07:00:16'),
(12, 'Washington', 'Sundar', 'all_rounder.jpeg', 'all_rounder', 31, 1, '1', NULL, '2020-06-14 07:00:16', '2020-06-14 07:00:16'),
(13, 'Shreyas', 'Iyer', 'wicket_keeper.jpeg', 'wicket_keeper', 54, 1, '1', NULL, '2020-06-14 07:00:16', '2020-06-14 07:00:16'),
(14, 'Shardul', 'Thakur', 'all_rounder.jpeg', 'all_rounder', 45, 1, '1', NULL, '2020-06-14 07:00:16', '2020-06-14 07:00:16'),
(15, 'Kuldeep', 'Yadav', 'all_rounder.jpeg', 'all_rounder', 95, 1, '1', NULL, '2020-06-14 07:00:16', '2020-06-14 07:00:16'),
(16, 'Jayant', 'Yadav', 'bowler.jpeg', 'bowler', 69, 1, '1', NULL, '2020-06-14 07:00:16', '2020-06-14 07:00:16'),
(17, 'Hardik', 'Pandya', 'bowler.jpeg', 'bowler', 89, 1, '1', NULL, '2020-06-14 07:00:16', '2020-06-14 07:00:16'),
(18, 'Faiz', 'Fazal', 'wicket_keeper.jpeg', 'wicket_keeper', 41, 1, '1', NULL, '2020-06-14 07:00:16', '2020-06-14 07:00:16'),
(19, 'Mohammad', 'Saifuddin', 'batsman.jpeg', 'batsman', 15, 2, '1', NULL, '2020-06-14 07:00:16', '2020-06-14 07:00:16'),
(20, 'Afif', 'Hossain', 'wicket_keeper.jpeg', 'wicket_keeper', 30, 2, '1', NULL, '2020-06-14 07:00:16', '2020-06-14 07:00:16'),
(21, 'Abu', 'Hider', 'all_rounder.jpeg', 'all_rounder', 93, 2, '1', NULL, '2020-06-14 07:00:16', '2020-06-14 07:00:16'),
(22, 'Ariful', 'Haque', 'all_rounder.jpeg', 'all_rounder', 15, 2, '1', NULL, '2020-06-14 07:00:16', '2020-06-14 07:00:16'),
(23, 'Fazle', 'Mahmud', 'batsman.jpeg', 'batsman', 47, 2, '1', NULL, '2020-06-14 07:00:16', '2020-06-14 07:00:16'),
(24, 'Nazmul', 'Islam', 'bowler.jpeg', 'bowler', 51, 2, '1', NULL, '2020-06-14 07:00:16', '2020-06-14 07:00:16'),
(25, 'Najmul', 'Hossain Shanto', 'batsman.jpeg', 'batsman', 51, 2, '1', NULL, '2020-06-14 07:00:16', '2020-06-14 07:00:16'),
(26, 'Sunzamul', 'Islam', 'batsman.jpeg', 'batsman', 92, 2, '1', NULL, '2020-06-14 07:00:16', '2020-06-14 07:00:16'),
(27, 'Mehidy', 'Hasan', 'bowler.jpeg', 'bowler', 50, 2, '1', NULL, '2020-06-14 07:00:16', '2020-06-14 07:00:16'),
(28, 'Tanbir', 'Hayder', 'all_rounder.jpeg', 'all_rounder', 36, 2, '1', NULL, '2020-06-14 07:00:16', '2020-06-14 07:00:16'),
(29, 'Subashis', 'Roy', 'all_rounder.jpeg', 'all_rounder', 75, 2, '1', NULL, '2020-06-14 07:00:16', '2020-06-14 07:00:16'),
(30, 'Nurul', 'Hasan', 'bowler.jpeg', 'bowler', 43, 2, '1', NULL, '2020-06-14 07:00:16', '2020-06-14 07:00:16'),
(31, 'Mosaddek', 'Hossain', 'bowler.jpeg', 'bowler', 14, 2, '1', NULL, '2020-06-14 07:00:16', '2020-06-14 07:00:16'),
(32, 'Mustafizur', 'Rahman', 'batsman.jpeg', 'batsman', 58, 2, '1', NULL, '2020-06-14 07:00:16', '2020-06-14 07:00:16'),
(33, 'Liton', 'Das', 'batsman.jpeg', 'batsman', 27, 2, '1', NULL, '2020-06-14 07:00:16', '2020-06-14 07:00:16'),
(34, 'Taijul', 'Islam', 'batsman.jpeg', 'batsman', 77, 2, '1', NULL, '2020-06-14 07:00:16', '2020-06-14 07:00:16'),
(35, 'Minod', 'Bhanuka', 'batsman.jpeg', 'batsman', 39, 3, '1', NULL, '2020-06-14 07:00:16', '2020-06-14 07:00:16'),
(36, 'Priyamal', 'Perera', 'wicket_keeper.jpeg', 'wicket_keeper', 58, 3, '1', NULL, '2020-06-14 07:00:16', '2020-06-14 07:00:16'),
(37, 'Kamindu', 'Mendis', 'batsman.jpeg', 'batsman', 44, 3, '1', NULL, '2020-06-14 07:00:16', '2020-06-14 07:00:16'),
(38, 'Oshada', 'Fernando', 'wicket_keeper.jpeg', 'wicket_keeper', 55, 3, '1', NULL, '2020-06-14 07:00:16', '2020-06-14 07:00:16'),
(39, 'Kasun', 'Rajitha', 'all_rounder.jpeg', 'all_rounder', 45, 3, '1', NULL, '2020-06-14 07:00:16', '2020-06-14 07:00:16'),
(40, 'Prabath', 'Jayasuriya', 'bowler.jpeg', 'bowler', 34, 3, '1', NULL, '2020-06-14 07:00:16', '2020-06-14 07:00:16'),
(41, 'Shehan', 'Madushanka', 'wicket_keeper.jpeg', 'wicket_keeper', 43, 3, '1', NULL, '2020-06-14 07:00:16', '2020-06-14 07:00:16'),
(42, 'Sadeera', 'Samarawickrama', 'all_rounder.jpeg', 'all_rounder', 24, 3, '1', NULL, '2020-06-14 07:00:16', '2020-06-14 07:00:16'),
(43, 'Malinda', 'Pushpakumara', 'all_rounder.jpeg', 'all_rounder', 51, 3, '1', NULL, '2020-06-14 07:00:16', '2020-06-14 07:00:16'),
(44, 'Dilshan', 'Munaweera', 'batsman.jpeg', 'batsman', 39, 3, '1', NULL, '2020-06-14 07:00:16', '2020-06-14 07:00:16'),
(45, 'Vishwa', 'Fernando', 'batsman.jpeg', 'batsman', 99, 3, '1', NULL, '2020-06-14 07:00:16', '2020-06-14 07:00:16'),
(46, 'Asitha', 'Fernando', 'all_rounder.jpeg', 'all_rounder', 57, 3, '1', NULL, '2020-06-14 07:00:16', '2020-06-14 07:00:16'),
(47, 'Wanindu', 'Hasaranga', 'wicket_keeper.jpeg', 'wicket_keeper', 49, 3, '1', NULL, '2020-06-14 07:00:16', '2020-06-14 07:00:16'),
(48, 'Lahiru', 'Kumara', 'batsman.jpeg', 'batsman', 40, 3, '1', NULL, '2020-06-14 07:00:16', '2020-06-14 07:00:16'),
(49, 'Sandun', 'Weerakkody', 'batsman.jpeg', 'batsman', 11, 3, '1', NULL, '2020-06-14 07:00:16', '2020-06-14 07:00:16'),
(50, 'Asela', 'Gunaratne', 'wicket_keeper.jpeg', 'wicket_keeper', 11, 3, '1', NULL, '2020-06-14 07:00:16', '2020-06-14 07:00:16'),
(51, 'Avishka', 'Fernando', 'batsman.jpeg', 'batsman', 56, 3, '1', NULL, '2020-06-14 07:00:16', '2020-06-14 07:00:16'),
(52, 'Saad', 'Ali', 'all_rounder.jpeg', 'all_rounder', 65, 4, '1', NULL, '2020-06-14 07:00:16', '2020-06-14 07:00:16'),
(53, 'Abid', 'Ali', 'wicket_keeper.jpeg', 'wicket_keeper', 96, 4, '1', NULL, '2020-06-14 07:00:16', '2020-06-14 07:00:16'),
(54, 'Mohammad', 'Nawaz', 'bowler.jpeg', 'bowler', 45, 4, '1', NULL, '2020-06-14 07:00:16', '2020-06-14 07:00:16'),
(55, 'Shan', 'Masood', 'all_rounder.jpeg', 'all_rounder', 88, 4, '1', NULL, '2020-06-14 07:00:16', '2020-06-14 07:00:16'),
(56, 'Hussain', 'Talat', 'all_rounder.jpeg', 'all_rounder', 31, 4, '1', NULL, '2020-06-14 07:00:16', '2020-06-14 07:00:16'),
(57, 'Shaheen', 'Afridi', 'all_rounder.jpeg', 'all_rounder', 81, 4, '1', NULL, '2020-06-14 07:00:16', '2020-06-14 07:00:16'),
(58, 'Asif', 'Ali', 'bowler.jpeg', 'bowler', 59, 4, '1', NULL, '2020-06-14 07:00:16', '2020-06-14 07:00:16'),
(59, 'Usman', 'Shinwari', 'wicket_keeper.jpeg', 'wicket_keeper', 90, 4, '1', NULL, '2020-06-14 07:00:16', '2020-06-14 07:00:16'),
(60, 'Rumman', 'Raees', 'bowler.jpeg', 'bowler', 32, 4, '1', NULL, '2020-06-14 07:00:16', '2020-06-14 07:00:16'),
(61, 'Faheem', 'Ashraf', 'wicket_keeper.jpeg', 'wicket_keeper', 77, 4, '1', NULL, '2020-06-14 07:00:16', '2020-06-14 07:00:16'),
(62, 'Fakhar', 'Zaman', 'bowler.jpeg', 'bowler', 61, 4, '1', NULL, '2020-06-14 07:00:16', '2020-06-14 07:00:16'),
(63, 'Shadab', 'Khan', 'wicket_keeper.jpeg', 'wicket_keeper', 41, 4, '1', NULL, '2020-06-14 07:00:16', '2020-06-14 07:00:16'),
(64, 'Hasan', 'Ali', 'bowler.jpeg', 'bowler', 34, 4, '1', NULL, '2020-06-14 07:00:16', '2020-06-14 07:00:16'),
(65, 'Zafar', 'Gohar', 'batsman.jpeg', 'batsman', 38, 4, '1', NULL, '2020-06-14 07:00:16', '2020-06-14 07:00:16'),
(66, 'Iftikhar', 'Ahmed', 'all_rounder.jpeg', 'all_rounder', 73, 4, '1', NULL, '2020-06-14 07:00:16', '2020-06-14 07:00:16'),
(67, 'Bilal', 'Asif', 'all_rounder.jpeg', 'all_rounder', 84, 4, '1', NULL, '2020-06-14 07:00:16', '2020-06-14 07:00:16'),
(68, 'Julien', 'Wiener', 'batsman.jpeg', 'batsman', 57, 5, '1', NULL, '2020-06-14 07:00:16', '2020-06-14 07:00:16'),
(69, 'Bruce', 'Laird', 'wicket_keeper.jpeg', 'wicket_keeper', 10, 5, '1', NULL, '2020-06-14 07:00:16', '2020-06-14 07:00:16'),
(70, 'Kevin', 'Wright', 'all_rounder.jpeg', 'all_rounder', 93, 5, '1', NULL, '2020-06-14 07:00:16', '2020-06-14 07:00:16'),
(71, 'Wally', 'Edwards', 'batsman.jpeg', 'batsman', 78, 5, '1', NULL, '2020-06-14 07:00:16', '2020-06-14 07:00:16'),
(72, 'Steve', 'Rixon', 'batsman.jpeg', 'batsman', 62, 5, '1', NULL, '2020-06-14 07:00:16', '2020-06-14 07:00:16'),
(73, 'Alan', 'Turner', 'bowler.jpeg', 'bowler', 43, 5, '1', NULL, '2020-06-14 07:00:16', '2020-06-14 07:00:16'),
(74, 'Rick', 'McCosker', 'all_rounder.jpeg', 'all_rounder', 64, 5, '1', NULL, '2020-06-14 07:00:16', '2020-06-14 07:00:16'),
(75, 'Richie', 'Robinson', 'batsman.jpeg', 'batsman', 34, 5, '1', NULL, '2020-06-14 07:00:16', '2020-06-14 07:00:16'),
(76, 'Bob', 'Simpson', 'bowler.jpeg', 'bowler', 19, 5, '1', NULL, '2020-06-14 07:00:16', '2020-06-14 07:00:16'),
(77, 'Peter', 'Toohey', 'wicket_keeper.jpeg', 'wicket_keeper', 76, 5, '1', NULL, '2020-06-14 07:00:16', '2020-06-14 07:00:16'),
(78, 'Graham', 'Yallop', 'batsman.jpeg', 'batsman', 12, 5, '1', NULL, '2020-06-14 07:00:16', '2020-06-14 07:00:16'),
(79, 'Allan', 'Border', 'bowler.jpeg', 'bowler', 69, 5, '1', NULL, '2020-06-14 07:00:16', '2020-06-14 07:00:16'),
(80, 'Phil', 'Carlson', 'all_rounder.jpeg', 'all_rounder', 49, 5, '1', NULL, '2020-06-14 07:00:16', '2020-06-14 07:00:16'),
(81, 'John', 'Maclean', 'all_rounder.jpeg', 'all_rounder', 13, 5, '1', NULL, '2020-06-14 07:00:16', '2020-06-14 07:00:16'),
(82, 'Rodney', 'Hogg', 'wicket_keeper.jpeg', 'wicket_keeper', 17, 5, '1', NULL, '2020-06-14 07:00:16', '2020-06-14 07:00:16'),
(83, 'Gary', 'Cosier', 'all_rounder.jpeg', 'all_rounder', 82, 5, '1', NULL, '2020-06-14 07:00:16', '2020-06-14 07:00:16'),
(84, 'Khary', 'Pierre', 'all_rounder.jpeg', 'all_rounder', 95, 6, '1', NULL, '2020-06-14 07:00:16', '2020-06-14 07:00:16'),
(85, 'Brandon', 'King', 'all_rounder.jpeg', 'all_rounder', 27, 6, '1', NULL, '2020-06-14 07:00:16', '2020-06-14 07:00:16'),
(86, 'Hayden', 'Walsh Jr.', 'wicket_keeper.jpeg', 'wicket_keeper', 53, 6, '1', NULL, '2020-06-14 07:00:16', '2020-06-14 07:00:16'),
(87, 'Romario', 'Shepherd', 'wicket_keeper.jpeg', 'wicket_keeper', 84, 6, '1', NULL, '2020-06-14 07:00:16', '2020-06-14 07:00:16'),
(88, 'Raymon', 'Reifer', 'bowler.jpeg', 'bowler', 56, 6, '1', NULL, '2020-06-14 07:00:16', '2020-06-14 07:00:16'),
(89, 'Shane', 'Dowrich', 'all_rounder.jpeg', 'all_rounder', 14, 6, '1', NULL, '2020-06-14 07:00:16', '2020-06-14 07:00:16'),
(90, 'Nicholas', 'Pooran', 'bowler.jpeg', 'bowler', 88, 6, '1', NULL, '2020-06-14 07:00:16', '2020-06-14 07:00:16'),
(91, 'John', 'Campbell', 'all_rounder.jpeg', 'all_rounder', 68, 6, '1', NULL, '2020-06-14 07:00:16', '2020-06-14 07:00:16'),
(92, 'Fabian', 'Allen', 'bowler.jpeg', 'bowler', 36, 6, '1', NULL, '2020-06-14 07:00:16', '2020-06-14 07:00:16'),
(93, 'Obed', 'McCoy', 'wicket_keeper.jpeg', 'wicket_keeper', 84, 6, '1', NULL, '2020-06-14 07:00:16', '2020-06-14 07:00:16'),
(94, 'Oshane', 'Thomas', 'all_rounder.jpeg', 'all_rounder', 21, 6, '1', NULL, '2020-06-14 07:00:16', '2020-06-14 07:00:16'),
(95, 'Chandrapaul', 'Hemraj', 'wicket_keeper.jpeg', 'wicket_keeper', 17, 6, '1', NULL, '2020-06-14 07:00:16', '2020-06-14 07:00:16'),
(96, 'Keemo', 'Paul', 'all_rounder.jpeg', 'all_rounder', 89, 6, '1', NULL, '2020-06-14 07:00:16', '2020-06-14 07:00:16'),
(97, 'Shimron', 'Hetmyer', 'bowler.jpeg', 'bowler', 89, 6, '1', NULL, '2020-06-14 07:00:16', '2020-06-14 07:00:16'),
(98, 'Ronsford', 'Beaton', 'all_rounder.jpeg', 'all_rounder', 18, 6, '1', NULL, '2020-06-14 07:00:16', '2020-06-14 07:00:16'),
(99, 'Sunil', 'Ambris', 'bowler.jpeg', 'bowler', 31, 6, '1', NULL, '2020-06-14 07:00:16', '2020-06-14 07:00:16'),
(100, 'Kesrick', 'Williams', 'bowler.jpeg', 'bowler', 24, 6, '1', NULL, '2020-06-14 07:00:16', '2020-06-14 07:00:16'),
(101, 'Kyle', 'Hope', 'batsman.jpeg', 'batsman', 74, 6, '1', NULL, '2020-06-14 07:00:16', '2020-06-14 07:00:16'),
(102, 'Kyle', 'Jamieson', 'bowler.jpeg', 'bowler', 82, 7, '1', NULL, '2020-06-14 07:00:16', '2020-06-14 07:00:16'),
(103, 'Tom', 'Blundell', 'all_rounder.jpeg', 'all_rounder', 31, 7, '1', NULL, '2020-06-14 07:00:16', '2020-06-14 07:00:16'),
(104, 'Tim', 'Seifert', 'all_rounder.jpeg', 'all_rounder', 63, 7, '1', NULL, '2020-06-14 07:00:16', '2020-06-14 07:00:16'),
(105, 'Mark', 'Chapman', 'all_rounder.jpeg', 'all_rounder', 63, 7, '1', NULL, '2020-06-14 07:00:16', '2020-06-14 07:00:16'),
(106, 'Todd', 'Astle', 'wicket_keeper.jpeg', 'wicket_keeper', 36, 7, '1', NULL, '2020-06-14 07:00:16', '2020-06-14 07:00:16'),
(107, 'Seth', 'Rance', 'batsman.jpeg', 'batsman', 45, 7, '1', NULL, '2020-06-14 07:00:16', '2020-06-14 07:00:16'),
(108, 'Scott', 'Kuggeleijn', 'bowler.jpeg', 'bowler', 76, 7, '1', NULL, '2020-06-14 07:00:16', '2020-06-14 07:00:16'),
(109, 'Lockie', 'Ferguson', 'batsman.jpeg', 'batsman', 42, 7, '1', NULL, '2020-06-14 07:00:16', '2020-06-14 07:00:16'),
(110, 'Henry', 'Nicholls', 'batsman.jpeg', 'batsman', 51, 7, '1', NULL, '2020-06-14 07:00:16', '2020-06-14 07:00:16'),
(111, 'George', 'Worker', 'all_rounder.jpeg', 'all_rounder', 56, 7, '1', NULL, '2020-06-14 07:00:16', '2020-06-14 07:00:16'),
(112, 'Ish', 'Sodhi', 'batsman.jpeg', 'batsman', 100, 7, '1', NULL, '2020-06-14 07:00:16', '2020-06-14 07:00:16'),
(113, 'Andrew', 'Mathieson', 'bowler.jpeg', 'bowler', 82, 7, '1', NULL, '2020-06-14 07:00:16', '2020-06-14 07:00:16'),
(114, 'Ben', 'Wheeler', 'wicket_keeper.jpeg', 'wicket_keeper', 18, 7, '1', NULL, '2020-06-14 07:00:16', '2020-06-14 07:00:16'),
(115, 'Mitchell', 'Santner', 'bowler.jpeg', 'bowler', 54, 7, '1', NULL, '2020-06-14 07:00:16', '2020-06-14 07:00:16'),
(116, 'Matt', 'Henry', 'all_rounder.jpeg', 'all_rounder', 48, 7, '1', NULL, '2020-06-14 07:00:16', '2020-06-14 07:00:16'),
(117, 'Anton', 'Devcich', 'bowler.jpeg', 'bowler', 54, 7, '1', NULL, '2020-06-14 07:00:16', '2020-06-14 07:00:16'),
(118, 'Corey', 'Anderson', 'bowler.jpeg', 'bowler', 29, 7, '1', NULL, '2020-06-14 07:00:16', '2020-06-14 07:00:16'),
(119, 'Luke', 'Ronchi', 'batsman.jpeg', 'batsman', 63, 7, '1', NULL, '2020-06-14 07:00:16', '2020-06-14 07:00:16'),
(120, 'Saqib', 'Mahmood', 'bowler.jpeg', 'bowler', 16, 8, '1', NULL, '2020-06-14 07:00:16', '2020-06-14 07:00:16'),
(121, 'Matt', 'Parkinson', 'all_rounder.jpeg', 'all_rounder', 48, 8, '1', NULL, '2020-06-14 07:00:16', '2020-06-14 07:00:16'),
(122, 'Tom', 'Curran', 'wicket_keeper.jpeg', 'wicket_keeper', 91, 8, '1', NULL, '2020-06-14 07:00:16', '2020-06-14 07:00:16'),
(123, 'Dawid', 'Malan', 'wicket_keeper.jpeg', 'wicket_keeper', 36, 8, '1', NULL, '2020-06-14 07:00:16', '2020-06-14 07:00:16'),
(124, 'Ben', 'Duckett', 'all_rounder.jpeg', 'all_rounder', 81, 8, '1', NULL, '2020-06-14 07:00:16', '2020-06-14 07:00:16'),
(125, 'Jofra', 'Archer', 'batsman.jpeg', 'batsman', 70, 8, '1', NULL, '2020-06-14 07:00:16', '2020-06-14 07:00:16'),
(126, 'Olly', 'Stone', 'all_rounder.jpeg', 'all_rounder', 30, 8, '1', NULL, '2020-06-14 07:00:16', '2020-06-14 07:00:16'),
(127, 'Sam', 'Billings', 'batsman.jpeg', 'batsman', 65, 8, '1', NULL, '2020-06-14 07:00:16', '2020-06-14 07:00:16'),
(128, 'Craig', 'Overton', 'bowler.jpeg', 'bowler', 89, 8, '1', NULL, '2020-06-14 07:00:16', '2020-06-14 07:00:16'),
(129, 'Toby', 'Roland Jones', 'batsman.jpeg', 'batsman', 69, 8, '1', NULL, '2020-06-14 07:00:16', '2020-06-14 07:00:16'),
(130, 'Jake', 'Ball', 'bowler.jpeg', 'bowler', 31, 8, '1', NULL, '2020-06-14 07:00:16', '2020-06-14 07:00:16'),
(131, 'Liam', 'Dawson', 'batsman.jpeg', 'batsman', 36, 8, '1', NULL, '2020-06-14 07:00:16', '2020-06-14 07:00:16'),
(132, 'Reece', 'Topley', 'bowler.jpeg', 'bowler', 79, 8, '1', NULL, '2020-06-14 07:00:16', '2020-06-14 07:00:16'),
(133, 'Mark', 'Wood', 'all_rounder.jpeg', 'all_rounder', 20, 8, '1', NULL, '2020-06-14 07:00:16', '2020-06-14 07:00:16'),
(134, 'David', 'Willey', 'bowler.jpeg', 'bowler', 78, 8, '1', NULL, '2020-06-14 07:00:16', '2020-06-14 07:00:16');

-- --------------------------------------------------------

--
-- Table structure for table `cricket_players_histories`
--

CREATE TABLE `cricket_players_histories` (
  `id` bigint(20) UNSIGNED NOT NULL,
  `cricket_series_id` bigint(20) UNSIGNED NOT NULL,
  `cricket_players_id` bigint(20) UNSIGNED NOT NULL,
  `matches` int(11) NOT NULL DEFAULT '0',
  `wickets` int(11) NOT NULL DEFAULT '0',
  `five_wickets` int(11) NOT NULL DEFAULT '0',
  `ten_wickets` int(11) NOT NULL DEFAULT '0',
  `runs` int(11) NOT NULL DEFAULT '0',
  `highest_score` int(11) NOT NULL DEFAULT '0',
  `fifties` int(11) NOT NULL DEFAULT '0',
  `hundreds` int(11) NOT NULL DEFAULT '0',
  `fours` int(11) NOT NULL DEFAULT '0',
  `sixes` int(11) NOT NULL DEFAULT '0',
  `duck` int(11) NOT NULL DEFAULT '0',
  `created_at` timestamp NULL DEFAULT NULL,
  `updated_at` timestamp NULL DEFAULT NULL
) ENGINE=InnoDB DEFAULT CHARSET=utf8mb4 COLLATE=utf8mb4_unicode_ci;

--
-- Dumping data for table `cricket_players_histories`
--

INSERT INTO `cricket_players_histories` (`id`, `cricket_series_id`, `cricket_players_id`, `matches`, `wickets`, `five_wickets`, `ten_wickets`, `runs`, `highest_score`, `fifties`, `hundreds`, `fours`, `sixes`, `duck`, `created_at`, `updated_at`) VALUES
(1, 1, 1, 7, 8, 0, 0, 525, 64, 5, 4, 9, 23, 0, '2020-06-14 07:00:31', '2020-06-14 07:00:31'),
(2, 1, 2, 1, 47, 0, 0, 1185, 82, 8, 9, 27, 9, 2, '2020-06-14 07:00:31', '2020-06-14 07:00:31'),
(3, 1, 3, 1, 27, 0, 0, 615, 146, 7, 5, 17, 46, 4, '2020-06-14 07:00:31', '2020-06-14 07:00:31'),
(4, 1, 4, 9, 29, 0, 0, 1972, 104, 6, 9, 15, 18, 6, '2020-06-14 07:00:31', '2020-06-14 07:00:31'),
(5, 1, 5, 8, 18, 0, 0, 1855, 89, 6, 2, 21, 22, 3, '2020-06-14 07:00:31', '2020-06-14 07:00:31'),
(6, 1, 6, 10, 15, 0, 0, 1611, 98, 3, 1, 37, 37, 1, '2020-06-14 07:00:31', '2020-06-14 07:00:31'),
(7, 1, 7, 10, 32, 0, 0, 1946, 190, 0, 7, 47, 1, 5, '2020-06-14 07:00:31', '2020-06-14 07:00:31'),
(8, 1, 8, 10, 3, 0, 0, 1967, 96, 5, 3, 32, 17, 8, '2020-06-14 07:00:31', '2020-06-14 07:00:31'),
(9, 1, 9, 3, 17, 0, 0, 717, 95, 10, 8, 11, 7, 6, '2020-06-14 07:00:31', '2020-06-14 07:00:31'),
(10, 1, 10, 4, 41, 0, 0, 199, 119, 1, 7, 47, 34, 9, '2020-06-14 07:00:31', '2020-06-14 07:00:31'),
(11, 1, 11, 3, 28, 0, 0, 1822, 82, 6, 10, 23, 36, 5, '2020-06-14 07:00:31', '2020-06-14 07:00:31'),
(12, 1, 12, 10, 6, 0, 0, 1810, 78, 1, 6, 0, 50, 9, '2020-06-14 07:00:31', '2020-06-14 07:00:31'),
(13, 1, 13, 8, 23, 0, 0, 1993, 162, 0, 8, 6, 29, 8, '2020-06-14 07:00:31', '2020-06-14 07:00:31'),
(14, 1, 14, 9, 22, 0, 0, 522, 163, 7, 6, 21, 50, 6, '2020-06-14 07:00:31', '2020-06-14 07:00:31'),
(15, 1, 15, 3, 5, 0, 0, 1850, 127, 10, 1, 48, 13, 8, '2020-06-14 07:00:31', '2020-06-14 07:00:31'),
(16, 1, 16, 8, 43, 0, 0, 1009, 104, 1, 2, 25, 47, 6, '2020-06-14 07:00:31', '2020-06-14 07:00:31'),
(17, 1, 17, 5, 33, 0, 0, 1864, 62, 9, 4, 15, 10, 7, '2020-06-14 07:00:31', '2020-06-14 07:00:31'),
(18, 1, 18, 7, 19, 0, 0, 810, 92, 7, 3, 9, 27, 8, '2020-06-14 07:00:31', '2020-06-14 07:00:31'),
(19, 1, 19, 1, 12, 0, 0, 738, 80, 9, 6, 9, 33, 5, '2020-06-14 07:00:31', '2020-06-14 07:00:31'),
(20, 1, 20, 6, 20, 0, 0, 978, 122, 10, 4, 42, 11, 5, '2020-06-14 07:00:31', '2020-06-14 07:00:31'),
(21, 1, 21, 5, 40, 0, 0, 1536, 149, 1, 10, 19, 13, 9, '2020-06-14 07:00:31', '2020-06-14 07:00:31'),
(22, 1, 22, 6, 47, 0, 0, 1824, 72, 3, 9, 13, 37, 4, '2020-06-14 07:00:31', '2020-06-14 07:00:31'),
(23, 1, 23, 1, 2, 0, 0, 1867, 114, 0, 6, 29, 1, 4, '2020-06-14 07:00:31', '2020-06-14 07:00:31'),
(24, 1, 24, 5, 45, 0, 0, 148, 90, 4, 5, 4, 46, 2, '2020-06-14 07:00:31', '2020-06-14 07:00:31'),
(25, 1, 25, 2, 49, 0, 0, 1050, 106, 6, 6, 35, 23, 6, '2020-06-14 07:00:31', '2020-06-14 07:00:31'),
(26, 1, 26, 2, 11, 0, 0, 1407, 66, 0, 6, 40, 32, 6, '2020-06-14 07:00:31', '2020-06-14 07:00:31'),
(27, 1, 27, 6, 6, 0, 0, 1128, 135, 8, 10, 46, 39, 1, '2020-06-14 07:00:31', '2020-06-14 07:00:31'),
(28, 1, 28, 3, 32, 0, 0, 349, 192, 1, 6, 9, 23, 2, '2020-06-14 07:00:31', '2020-06-14 07:00:31'),
(29, 1, 29, 7, 11, 0, 0, 902, 62, 8, 10, 10, 15, 1, '2020-06-14 07:00:31', '2020-06-14 07:00:31'),
(30, 1, 30, 3, 30, 0, 0, 287, 112, 5, 6, 16, 1, 10, '2020-06-14 07:00:31', '2020-06-14 07:00:31'),
(31, 1, 31, 2, 18, 0, 0, 877, 163, 3, 2, 33, 19, 3, '2020-06-14 07:00:31', '2020-06-14 07:00:31'),
(32, 1, 32, 10, 25, 0, 0, 1916, 195, 7, 3, 27, 27, 7, '2020-06-14 07:00:31', '2020-06-14 07:00:31'),
(33, 1, 33, 9, 9, 0, 0, 1928, 170, 3, 5, 43, 6, 8, '2020-06-14 07:00:31', '2020-06-14 07:00:31'),
(34, 1, 34, 7, 32, 0, 0, 1594, 68, 8, 0, 17, 26, 10, '2020-06-14 07:00:31', '2020-06-14 07:00:31'),
(35, 1, 35, 6, 24, 0, 0, 1517, 184, 7, 10, 8, 0, 7, '2020-06-14 07:00:31', '2020-06-14 07:00:31'),
(36, 1, 36, 4, 5, 0, 0, 1031, 64, 0, 10, 1, 25, 5, '2020-06-14 07:00:31', '2020-06-14 07:00:31'),
(37, 1, 37, 2, 3, 0, 0, 1542, 65, 6, 10, 26, 42, 1, '2020-06-14 07:00:31', '2020-06-14 07:00:31'),
(38, 1, 38, 5, 22, 0, 0, 553, 73, 9, 9, 50, 6, 10, '2020-06-14 07:00:31', '2020-06-14 07:00:31'),
(39, 1, 39, 9, 32, 0, 0, 1279, 177, 5, 4, 23, 9, 2, '2020-06-14 07:00:31', '2020-06-14 07:00:31'),
(40, 1, 40, 5, 41, 0, 0, 1580, 169, 0, 8, 8, 44, 0, '2020-06-14 07:00:31', '2020-06-14 07:00:31'),
(41, 1, 41, 8, 28, 0, 0, 452, 69, 3, 5, 20, 37, 6, '2020-06-14 07:00:31', '2020-06-14 07:00:31'),
(42, 1, 42, 7, 30, 0, 0, 1841, 86, 1, 2, 41, 38, 9, '2020-06-14 07:00:31', '2020-06-14 07:00:31'),
(43, 1, 43, 9, 50, 0, 0, 1129, 148, 7, 0, 30, 9, 6, '2020-06-14 07:00:31', '2020-06-14 07:00:31'),
(44, 1, 44, 3, 7, 0, 0, 1544, 184, 9, 1, 14, 3, 5, '2020-06-14 07:00:31', '2020-06-14 07:00:31'),
(45, 1, 45, 1, 31, 0, 0, 751, 61, 1, 1, 36, 10, 7, '2020-06-14 07:00:31', '2020-06-14 07:00:31'),
(46, 1, 46, 9, 24, 0, 0, 329, 67, 1, 3, 1, 22, 6, '2020-06-14 07:00:31', '2020-06-14 07:00:31'),
(47, 1, 47, 5, 8, 0, 0, 920, 108, 2, 3, 33, 21, 2, '2020-06-14 07:00:31', '2020-06-14 07:00:31'),
(48, 1, 48, 8, 44, 0, 0, 1903, 130, 7, 0, 19, 12, 4, '2020-06-14 07:00:31', '2020-06-14 07:00:31'),
(49, 1, 49, 6, 1, 0, 0, 915, 195, 7, 9, 35, 32, 10, '2020-06-14 07:00:31', '2020-06-14 07:00:31'),
(50, 1, 50, 3, 43, 0, 0, 1472, 56, 7, 1, 2, 19, 5, '2020-06-14 07:00:31', '2020-06-14 07:00:31'),
(51, 1, 51, 3, 12, 0, 0, 1744, 108, 9, 8, 9, 26, 0, '2020-06-14 07:00:31', '2020-06-14 07:00:31'),
(52, 1, 52, 6, 37, 0, 0, 1565, 125, 10, 5, 40, 28, 5, '2020-06-14 07:00:31', '2020-06-14 07:00:31'),
(53, 1, 53, 9, 9, 0, 0, 1136, 63, 10, 9, 17, 30, 10, '2020-06-14 07:00:31', '2020-06-14 07:00:31'),
(54, 1, 54, 1, 8, 0, 0, 390, 200, 7, 8, 13, 6, 7, '2020-06-14 07:00:31', '2020-06-14 07:00:31'),
(55, 1, 55, 5, 42, 0, 0, 790, 131, 0, 7, 15, 42, 2, '2020-06-14 07:00:31', '2020-06-14 07:00:31'),
(56, 1, 56, 9, 11, 0, 0, 1880, 58, 7, 1, 48, 8, 8, '2020-06-14 07:00:31', '2020-06-14 07:00:31'),
(57, 1, 57, 6, 33, 0, 0, 1257, 194, 9, 9, 36, 23, 2, '2020-06-14 07:00:31', '2020-06-14 07:00:31'),
(58, 1, 58, 6, 22, 0, 0, 1468, 74, 2, 4, 31, 32, 1, '2020-06-14 07:00:31', '2020-06-14 07:00:31'),
(59, 1, 59, 10, 25, 0, 0, 266, 86, 3, 7, 13, 15, 6, '2020-06-14 07:00:31', '2020-06-14 07:00:31'),
(60, 1, 60, 2, 46, 0, 0, 1244, 145, 1, 2, 4, 22, 4, '2020-06-14 07:00:31', '2020-06-14 07:00:31'),
(61, 1, 61, 4, 48, 0, 0, 1481, 50, 10, 3, 47, 40, 4, '2020-06-14 07:00:31', '2020-06-14 07:00:31'),
(62, 1, 62, 8, 24, 0, 0, 1065, 90, 6, 4, 12, 7, 1, '2020-06-14 07:00:31', '2020-06-14 07:00:31'),
(63, 1, 63, 8, 12, 0, 0, 439, 156, 4, 4, 33, 17, 4, '2020-06-14 07:00:31', '2020-06-14 07:00:31'),
(64, 1, 64, 5, 40, 0, 0, 1811, 195, 6, 10, 21, 40, 1, '2020-06-14 07:00:31', '2020-06-14 07:00:31'),
(65, 1, 65, 7, 14, 0, 0, 1582, 117, 0, 7, 49, 49, 6, '2020-06-14 07:00:31', '2020-06-14 07:00:31'),
(66, 1, 66, 7, 9, 0, 0, 1944, 160, 5, 8, 50, 44, 9, '2020-06-14 07:00:31', '2020-06-14 07:00:31'),
(67, 1, 67, 5, 50, 0, 0, 1534, 65, 8, 4, 1, 1, 2, '2020-06-14 07:00:31', '2020-06-14 07:00:31'),
(68, 1, 68, 1, 34, 0, 0, 888, 160, 3, 3, 13, 16, 8, '2020-06-14 07:00:31', '2020-06-14 07:00:31'),
(69, 1, 69, 8, 44, 0, 0, 264, 176, 6, 1, 30, 10, 5, '2020-06-14 07:00:31', '2020-06-14 07:00:31'),
(70, 1, 70, 2, 46, 0, 0, 377, 181, 3, 1, 46, 9, 8, '2020-06-14 07:00:31', '2020-06-14 07:00:31'),
(71, 1, 71, 6, 36, 0, 0, 1054, 169, 1, 0, 25, 32, 6, '2020-06-14 07:00:31', '2020-06-14 07:00:31'),
(72, 1, 72, 9, 29, 0, 0, 846, 154, 8, 6, 36, 8, 4, '2020-06-14 07:00:31', '2020-06-14 07:00:31'),
(73, 1, 73, 1, 27, 0, 0, 1167, 150, 5, 0, 36, 3, 4, '2020-06-14 07:00:31', '2020-06-14 07:00:31'),
(74, 1, 74, 2, 8, 0, 0, 1434, 99, 7, 0, 16, 32, 6, '2020-06-14 07:00:31', '2020-06-14 07:00:31'),
(75, 1, 75, 6, 24, 0, 0, 502, 100, 3, 9, 31, 41, 4, '2020-06-14 07:00:31', '2020-06-14 07:00:31'),
(76, 1, 76, 4, 35, 0, 0, 1182, 162, 0, 4, 35, 36, 5, '2020-06-14 07:00:31', '2020-06-14 07:00:31'),
(77, 1, 77, 5, 41, 0, 0, 1427, 127, 9, 8, 33, 50, 9, '2020-06-14 07:00:31', '2020-06-14 07:00:31'),
(78, 1, 78, 5, 17, 0, 0, 285, 55, 4, 2, 18, 27, 8, '2020-06-14 07:00:31', '2020-06-14 07:00:31'),
(79, 1, 79, 7, 16, 0, 0, 1076, 200, 8, 10, 20, 32, 3, '2020-06-14 07:00:31', '2020-06-14 07:00:31'),
(80, 1, 80, 2, 46, 0, 0, 1275, 103, 4, 1, 41, 12, 0, '2020-06-14 07:00:31', '2020-06-14 07:00:31'),
(81, 1, 81, 6, 7, 0, 0, 573, 114, 5, 3, 50, 49, 5, '2020-06-14 07:00:31', '2020-06-14 07:00:31'),
(82, 1, 82, 3, 43, 0, 0, 485, 104, 7, 10, 42, 26, 4, '2020-06-14 07:00:31', '2020-06-14 07:00:31'),
(83, 1, 83, 1, 36, 0, 0, 404, 100, 10, 2, 21, 3, 10, '2020-06-14 07:00:31', '2020-06-14 07:00:31'),
(84, 1, 84, 9, 16, 0, 0, 663, 189, 0, 8, 38, 43, 3, '2020-06-14 07:00:31', '2020-06-14 07:00:31'),
(85, 1, 85, 8, 9, 0, 0, 1227, 74, 8, 10, 25, 42, 7, '2020-06-14 07:00:31', '2020-06-14 07:00:31'),
(86, 1, 86, 7, 38, 0, 0, 1237, 112, 4, 8, 39, 48, 3, '2020-06-14 07:00:31', '2020-06-14 07:00:31'),
(87, 1, 87, 2, 42, 0, 0, 1946, 180, 1, 7, 27, 1, 9, '2020-06-14 07:00:31', '2020-06-14 07:00:31'),
(88, 1, 88, 2, 36, 0, 0, 1958, 94, 6, 7, 22, 44, 5, '2020-06-14 07:00:31', '2020-06-14 07:00:31'),
(89, 1, 89, 10, 16, 0, 0, 830, 52, 2, 7, 9, 9, 9, '2020-06-14 07:00:31', '2020-06-14 07:00:31'),
(90, 1, 90, 6, 24, 0, 0, 1086, 167, 10, 7, 20, 13, 3, '2020-06-14 07:00:31', '2020-06-14 07:00:31'),
(91, 1, 91, 1, 19, 0, 0, 236, 80, 5, 0, 1, 46, 9, '2020-06-14 07:00:31', '2020-06-14 07:00:31'),
(92, 1, 92, 6, 14, 0, 0, 1610, 166, 2, 6, 39, 6, 2, '2020-06-14 07:00:31', '2020-06-14 07:00:31'),
(93, 1, 93, 1, 50, 0, 0, 887, 69, 5, 8, 48, 18, 10, '2020-06-14 07:00:31', '2020-06-14 07:00:31'),
(94, 1, 94, 6, 2, 0, 0, 1602, 72, 9, 0, 15, 22, 2, '2020-06-14 07:00:31', '2020-06-14 07:00:31'),
(95, 1, 95, 2, 6, 0, 0, 1001, 93, 7, 9, 2, 50, 9, '2020-06-14 07:00:31', '2020-06-14 07:00:31'),
(96, 1, 96, 8, 38, 0, 0, 1231, 185, 2, 3, 35, 47, 6, '2020-06-14 07:00:31', '2020-06-14 07:00:31'),
(97, 1, 97, 7, 45, 0, 0, 1456, 127, 3, 7, 42, 20, 5, '2020-06-14 07:00:31', '2020-06-14 07:00:31'),
(98, 1, 98, 8, 43, 0, 0, 101, 172, 3, 2, 16, 50, 8, '2020-06-14 07:00:31', '2020-06-14 07:00:31'),
(99, 1, 99, 1, 27, 0, 0, 462, 166, 1, 6, 17, 23, 10, '2020-06-14 07:00:31', '2020-06-14 07:00:31'),
(100, 1, 100, 2, 37, 0, 0, 1225, 186, 4, 0, 48, 27, 3, '2020-06-14 07:00:31', '2020-06-14 07:00:31'),
(101, 1, 101, 4, 11, 0, 0, 1838, 157, 9, 10, 45, 35, 4, '2020-06-14 07:00:31', '2020-06-14 07:00:31'),
(102, 2, 1, 9, 4, 0, 0, 586, 90, 9, 9, 2, 24, 8, '2020-06-14 07:00:31', '2020-06-14 07:00:31'),
(103, 2, 2, 9, 15, 0, 0, 502, 188, 9, 7, 48, 7, 4, '2020-06-14 07:00:31', '2020-06-14 07:00:31'),
(104, 2, 3, 5, 19, 0, 0, 1279, 194, 8, 7, 2, 6, 9, '2020-06-14 07:00:31', '2020-06-14 07:00:31'),
(105, 2, 4, 6, 6, 0, 0, 1302, 84, 4, 10, 28, 40, 9, '2020-06-14 07:00:31', '2020-06-14 07:00:31'),
(106, 2, 5, 5, 48, 0, 0, 1894, 189, 9, 2, 13, 8, 1, '2020-06-14 07:00:31', '2020-06-14 07:00:31'),
(107, 2, 6, 4, 16, 0, 0, 1696, 176, 5, 5, 30, 20, 6, '2020-06-14 07:00:31', '2020-06-14 07:00:31'),
(108, 2, 7, 1, 43, 0, 0, 1617, 97, 2, 7, 34, 37, 5, '2020-06-14 07:00:31', '2020-06-14 07:00:31'),
(109, 2, 8, 7, 4, 0, 0, 807, 173, 5, 8, 16, 6, 5, '2020-06-14 07:00:31', '2020-06-14 07:00:31'),
(110, 2, 9, 9, 3, 0, 0, 1324, 94, 4, 8, 43, 39, 4, '2020-06-14 07:00:31', '2020-06-14 07:00:31'),
(111, 2, 10, 6, 27, 0, 0, 799, 117, 4, 0, 50, 18, 7, '2020-06-14 07:00:31', '2020-06-14 07:00:31'),
(112, 2, 11, 5, 49, 0, 0, 397, 149, 4, 2, 31, 36, 9, '2020-06-14 07:00:31', '2020-06-14 07:00:31'),
(113, 2, 12, 7, 1, 0, 0, 413, 156, 2, 2, 20, 21, 10, '2020-06-14 07:00:31', '2020-06-14 07:00:31'),
(114, 2, 13, 9, 13, 0, 0, 1838, 54, 6, 1, 33, 29, 1, '2020-06-14 07:00:31', '2020-06-14 07:00:31'),
(115, 2, 14, 9, 46, 0, 0, 148, 169, 6, 9, 5, 5, 0, '2020-06-14 07:00:31', '2020-06-14 07:00:31'),
(116, 2, 15, 4, 37, 0, 0, 647, 177, 1, 6, 10, 37, 7, '2020-06-14 07:00:31', '2020-06-14 07:00:31'),
(117, 2, 16, 8, 10, 0, 0, 1166, 149, 4, 8, 28, 24, 8, '2020-06-14 07:00:31', '2020-06-14 07:00:31'),
(118, 2, 17, 2, 20, 0, 0, 1579, 132, 5, 7, 46, 50, 4, '2020-06-14 07:00:31', '2020-06-14 07:00:31'),
(119, 2, 18, 1, 35, 0, 0, 1673, 132, 2, 8, 24, 33, 2, '2020-06-14 07:00:31', '2020-06-14 07:00:31'),
(120, 2, 19, 5, 10, 0, 0, 143, 122, 9, 9, 49, 32, 2, '2020-06-14 07:00:31', '2020-06-14 07:00:31'),
(121, 2, 20, 1, 33, 0, 0, 345, 109, 0, 2, 48, 33, 8, '2020-06-14 07:00:31', '2020-06-14 07:00:31'),
(122, 2, 21, 7, 45, 0, 0, 1659, 154, 1, 0, 29, 6, 6, '2020-06-14 07:00:31', '2020-06-14 07:00:31'),
(123, 2, 22, 5, 41, 0, 0, 573, 147, 10, 9, 35, 11, 10, '2020-06-14 07:00:31', '2020-06-14 07:00:31'),
(124, 2, 23, 3, 5, 0, 0, 342, 85, 7, 1, 25, 44, 1, '2020-06-14 07:00:31', '2020-06-14 07:00:31'),
(125, 2, 24, 1, 5, 0, 0, 1863, 73, 9, 6, 15, 29, 5, '2020-06-14 07:00:31', '2020-06-14 07:00:31'),
(126, 2, 25, 1, 17, 0, 0, 572, 138, 3, 7, 44, 4, 1, '2020-06-14 07:00:31', '2020-06-14 07:00:31'),
(127, 2, 26, 3, 9, 0, 0, 1011, 112, 7, 2, 39, 3, 9, '2020-06-14 07:00:31', '2020-06-14 07:00:31'),
(128, 2, 27, 1, 7, 0, 0, 1449, 124, 10, 10, 41, 43, 5, '2020-06-14 07:00:31', '2020-06-14 07:00:31'),
(129, 2, 28, 8, 24, 0, 0, 1536, 120, 3, 6, 39, 29, 3, '2020-06-14 07:00:31', '2020-06-14 07:00:31'),
(130, 2, 29, 8, 17, 0, 0, 1081, 131, 4, 4, 0, 39, 9, '2020-06-14 07:00:31', '2020-06-14 07:00:31'),
(131, 2, 30, 4, 2, 0, 0, 1430, 145, 10, 4, 14, 14, 6, '2020-06-14 07:00:31', '2020-06-14 07:00:31'),
(132, 2, 31, 9, 33, 0, 0, 1808, 184, 4, 5, 39, 43, 1, '2020-06-14 07:00:31', '2020-06-14 07:00:31'),
(133, 2, 32, 9, 22, 0, 0, 489, 109, 2, 2, 6, 19, 2, '2020-06-14 07:00:31', '2020-06-14 07:00:31'),
(134, 2, 33, 10, 4, 0, 0, 464, 129, 10, 10, 24, 17, 9, '2020-06-14 07:00:31', '2020-06-14 07:00:31'),
(135, 2, 34, 3, 34, 0, 0, 833, 196, 10, 1, 6, 0, 0, '2020-06-14 07:00:31', '2020-06-14 07:00:31'),
(136, 2, 35, 9, 17, 0, 0, 1348, 97, 5, 0, 31, 17, 7, '2020-06-14 07:00:31', '2020-06-14 07:00:31'),
(137, 2, 36, 5, 15, 0, 0, 1441, 191, 6, 5, 16, 46, 7, '2020-06-14 07:00:31', '2020-06-14 07:00:31'),
(138, 2, 37, 10, 11, 0, 0, 330, 67, 6, 2, 21, 44, 1, '2020-06-14 07:00:31', '2020-06-14 07:00:31'),
(139, 2, 38, 3, 13, 0, 0, 1871, 192, 10, 5, 22, 17, 8, '2020-06-14 07:00:31', '2020-06-14 07:00:31'),
(140, 2, 39, 4, 26, 0, 0, 682, 167, 7, 10, 8, 26, 1, '2020-06-14 07:00:31', '2020-06-14 07:00:31'),
(141, 2, 40, 1, 16, 0, 0, 311, 70, 9, 4, 0, 39, 8, '2020-06-14 07:00:31', '2020-06-14 07:00:31'),
(142, 2, 41, 9, 6, 0, 0, 686, 119, 5, 4, 48, 4, 2, '2020-06-14 07:00:31', '2020-06-14 07:00:31'),
(143, 2, 42, 7, 45, 0, 0, 126, 103, 0, 10, 25, 47, 6, '2020-06-14 07:00:31', '2020-06-14 07:00:31'),
(144, 2, 43, 5, 2, 0, 0, 1217, 145, 3, 4, 12, 11, 5, '2020-06-14 07:00:31', '2020-06-14 07:00:31'),
(145, 2, 44, 2, 25, 0, 0, 124, 98, 5, 5, 33, 14, 2, '2020-06-14 07:00:31', '2020-06-14 07:00:31'),
(146, 2, 45, 7, 36, 0, 0, 200, 99, 4, 6, 21, 9, 0, '2020-06-14 07:00:31', '2020-06-14 07:00:31'),
(147, 2, 46, 6, 35, 0, 0, 1725, 156, 4, 7, 24, 50, 3, '2020-06-14 07:00:31', '2020-06-14 07:00:31'),
(148, 2, 47, 3, 2, 0, 0, 1078, 189, 10, 3, 32, 3, 0, '2020-06-14 07:00:31', '2020-06-14 07:00:31'),
(149, 2, 48, 7, 11, 0, 0, 613, 129, 5, 10, 21, 23, 0, '2020-06-14 07:00:31', '2020-06-14 07:00:31'),
(150, 2, 49, 10, 17, 0, 0, 1251, 200, 3, 6, 6, 35, 4, '2020-06-14 07:00:31', '2020-06-14 07:00:31'),
(151, 2, 50, 2, 25, 0, 0, 482, 181, 4, 9, 7, 7, 8, '2020-06-14 07:00:31', '2020-06-14 07:00:31'),
(152, 2, 51, 7, 21, 0, 0, 1048, 169, 6, 0, 12, 6, 10, '2020-06-14 07:00:31', '2020-06-14 07:00:31'),
(153, 2, 52, 10, 17, 0, 0, 1391, 74, 6, 2, 22, 25, 5, '2020-06-14 07:00:31', '2020-06-14 07:00:31'),
(154, 2, 53, 7, 37, 0, 0, 326, 158, 3, 8, 9, 39, 1, '2020-06-14 07:00:31', '2020-06-14 07:00:31'),
(155, 2, 54, 6, 20, 0, 0, 1349, 144, 6, 8, 43, 18, 9, '2020-06-14 07:00:31', '2020-06-14 07:00:31'),
(156, 2, 55, 7, 36, 0, 0, 1814, 55, 9, 0, 40, 27, 0, '2020-06-14 07:00:31', '2020-06-14 07:00:31'),
(157, 2, 56, 9, 38, 0, 0, 425, 94, 7, 9, 25, 39, 6, '2020-06-14 07:00:31', '2020-06-14 07:00:31'),
(158, 2, 57, 1, 41, 0, 0, 972, 113, 7, 9, 10, 14, 7, '2020-06-14 07:00:31', '2020-06-14 07:00:31'),
(159, 2, 58, 1, 41, 0, 0, 1606, 73, 9, 8, 0, 10, 4, '2020-06-14 07:00:31', '2020-06-14 07:00:31'),
(160, 2, 59, 5, 41, 0, 0, 778, 64, 5, 6, 24, 29, 5, '2020-06-14 07:00:31', '2020-06-14 07:00:31'),
(161, 2, 60, 1, 44, 0, 0, 447, 193, 6, 0, 48, 50, 4, '2020-06-14 07:00:31', '2020-06-14 07:00:31'),
(162, 2, 61, 1, 46, 0, 0, 1863, 56, 8, 0, 0, 8, 0, '2020-06-14 07:00:31', '2020-06-14 07:00:31'),
(163, 2, 62, 4, 9, 0, 0, 494, 137, 2, 2, 23, 45, 4, '2020-06-14 07:00:31', '2020-06-14 07:00:31'),
(164, 2, 63, 4, 29, 0, 0, 504, 149, 3, 4, 19, 1, 0, '2020-06-14 07:00:31', '2020-06-14 07:00:31'),
(165, 2, 64, 9, 28, 0, 0, 610, 77, 5, 4, 48, 40, 1, '2020-06-14 07:00:31', '2020-06-14 07:00:31'),
(166, 2, 65, 3, 45, 0, 0, 1915, 95, 10, 10, 25, 26, 10, '2020-06-14 07:00:31', '2020-06-14 07:00:31'),
(167, 2, 66, 3, 19, 0, 0, 677, 129, 3, 2, 49, 13, 10, '2020-06-14 07:00:31', '2020-06-14 07:00:31'),
(168, 2, 67, 6, 9, 0, 0, 771, 175, 7, 6, 8, 47, 6, '2020-06-14 07:00:31', '2020-06-14 07:00:31'),
(169, 2, 68, 3, 10, 0, 0, 901, 191, 7, 2, 31, 9, 6, '2020-06-14 07:00:31', '2020-06-14 07:00:31'),
(170, 2, 69, 5, 23, 0, 0, 1180, 167, 10, 10, 1, 32, 4, '2020-06-14 07:00:31', '2020-06-14 07:00:31'),
(171, 2, 70, 5, 36, 0, 0, 233, 189, 10, 8, 31, 4, 10, '2020-06-14 07:00:31', '2020-06-14 07:00:31'),
(172, 2, 71, 5, 7, 0, 0, 1914, 85, 1, 2, 4, 43, 2, '2020-06-14 07:00:31', '2020-06-14 07:00:31'),
(173, 2, 72, 6, 37, 0, 0, 248, 104, 7, 4, 24, 49, 3, '2020-06-14 07:00:31', '2020-06-14 07:00:31'),
(174, 2, 73, 3, 24, 0, 0, 511, 76, 4, 0, 2, 2, 9, '2020-06-14 07:00:31', '2020-06-14 07:00:31'),
(175, 2, 74, 5, 35, 0, 0, 1982, 192, 8, 9, 7, 32, 8, '2020-06-14 07:00:31', '2020-06-14 07:00:31'),
(176, 2, 75, 8, 45, 0, 0, 1065, 148, 4, 1, 21, 16, 6, '2020-06-14 07:00:31', '2020-06-14 07:00:31'),
(177, 2, 76, 9, 24, 0, 0, 1602, 125, 3, 2, 39, 1, 1, '2020-06-14 07:00:31', '2020-06-14 07:00:31'),
(178, 2, 77, 7, 24, 0, 0, 1135, 196, 4, 10, 46, 25, 9, '2020-06-14 07:00:31', '2020-06-14 07:00:31'),
(179, 2, 78, 5, 33, 0, 0, 1718, 106, 8, 7, 35, 21, 7, '2020-06-14 07:00:31', '2020-06-14 07:00:31'),
(180, 2, 79, 9, 48, 0, 0, 260, 171, 9, 5, 37, 7, 10, '2020-06-14 07:00:31', '2020-06-14 07:00:31'),
(181, 2, 80, 8, 20, 0, 0, 723, 180, 8, 2, 41, 47, 1, '2020-06-14 07:00:31', '2020-06-14 07:00:31'),
(182, 2, 81, 8, 25, 0, 0, 402, 120, 1, 9, 47, 44, 8, '2020-06-14 07:00:31', '2020-06-14 07:00:31'),
(183, 2, 82, 7, 12, 0, 0, 1887, 118, 5, 4, 35, 34, 8, '2020-06-14 07:00:31', '2020-06-14 07:00:31'),
(184, 2, 83, 4, 16, 0, 0, 784, 60, 7, 8, 11, 48, 0, '2020-06-14 07:00:31', '2020-06-14 07:00:31'),
(185, 2, 84, 7, 34, 0, 0, 833, 86, 10, 9, 42, 13, 2, '2020-06-14 07:00:31', '2020-06-14 07:00:31'),
(186, 2, 85, 10, 49, 0, 0, 317, 120, 3, 8, 1, 26, 2, '2020-06-14 07:00:31', '2020-06-14 07:00:31'),
(187, 2, 86, 3, 6, 0, 0, 640, 54, 4, 3, 15, 26, 7, '2020-06-14 07:00:31', '2020-06-14 07:00:31'),
(188, 2, 87, 4, 28, 0, 0, 703, 56, 4, 1, 19, 43, 10, '2020-06-14 07:00:31', '2020-06-14 07:00:31'),
(189, 2, 88, 1, 22, 0, 0, 1229, 54, 1, 0, 42, 36, 0, '2020-06-14 07:00:31', '2020-06-14 07:00:31'),
(190, 2, 89, 3, 24, 0, 0, 1405, 168, 2, 8, 23, 20, 6, '2020-06-14 07:00:31', '2020-06-14 07:00:31'),
(191, 2, 90, 3, 32, 0, 0, 515, 164, 1, 10, 10, 26, 4, '2020-06-14 07:00:31', '2020-06-14 07:00:31'),
(192, 2, 91, 6, 11, 0, 0, 1558, 54, 0, 6, 19, 9, 8, '2020-06-14 07:00:31', '2020-06-14 07:00:31'),
(193, 2, 92, 7, 36, 0, 0, 1796, 199, 9, 3, 22, 24, 6, '2020-06-14 07:00:31', '2020-06-14 07:00:31'),
(194, 2, 93, 2, 40, 0, 0, 1344, 107, 5, 7, 43, 45, 5, '2020-06-14 07:00:31', '2020-06-14 07:00:31'),
(195, 2, 94, 6, 35, 0, 0, 212, 191, 4, 9, 5, 4, 5, '2020-06-14 07:00:31', '2020-06-14 07:00:31'),
(196, 2, 95, 4, 3, 0, 0, 1529, 114, 8, 6, 44, 17, 2, '2020-06-14 07:00:31', '2020-06-14 07:00:31'),
(197, 2, 96, 8, 8, 0, 0, 635, 61, 3, 1, 3, 11, 5, '2020-06-14 07:00:31', '2020-06-14 07:00:31'),
(198, 2, 97, 5, 48, 0, 0, 878, 135, 9, 4, 47, 31, 10, '2020-06-14 07:00:31', '2020-06-14 07:00:31'),
(199, 2, 98, 5, 26, 0, 0, 924, 59, 7, 0, 29, 47, 3, '2020-06-14 07:00:31', '2020-06-14 07:00:31'),
(200, 2, 99, 1, 2, 0, 0, 1084, 85, 2, 2, 34, 26, 5, '2020-06-14 07:00:31', '2020-06-14 07:00:31'),
(201, 2, 100, 2, 23, 0, 0, 1667, 109, 5, 8, 37, 21, 8, '2020-06-14 07:00:31', '2020-06-14 07:00:31'),
(202, 2, 101, 5, 16, 0, 0, 720, 200, 7, 4, 27, 14, 3, '2020-06-14 07:00:31', '2020-06-14 07:00:31'),
(203, 2, 102, 5, 23, 0, 0, 381, 134, 6, 5, 37, 43, 5, '2020-06-14 07:00:31', '2020-06-14 07:00:31'),
(204, 2, 103, 8, 23, 0, 0, 1028, 100, 1, 1, 10, 27, 9, '2020-06-14 07:00:31', '2020-06-14 07:00:31'),
(205, 2, 104, 8, 22, 0, 0, 822, 142, 0, 1, 34, 25, 0, '2020-06-14 07:00:31', '2020-06-14 07:00:31'),
(206, 2, 105, 8, 45, 0, 0, 1028, 61, 5, 4, 22, 8, 6, '2020-06-14 07:00:31', '2020-06-14 07:00:31'),
(207, 2, 106, 10, 18, 0, 0, 1032, 133, 8, 8, 38, 12, 10, '2020-06-14 07:00:31', '2020-06-14 07:00:31'),
(208, 2, 107, 4, 44, 0, 0, 1980, 116, 4, 4, 37, 39, 3, '2020-06-14 07:00:31', '2020-06-14 07:00:31'),
(209, 2, 108, 9, 14, 0, 0, 849, 113, 0, 5, 22, 7, 9, '2020-06-14 07:00:31', '2020-06-14 07:00:31'),
(210, 2, 109, 1, 25, 0, 0, 721, 196, 7, 1, 13, 11, 6, '2020-06-14 07:00:31', '2020-06-14 07:00:31'),
(211, 2, 110, 2, 9, 0, 0, 1009, 81, 10, 0, 5, 29, 5, '2020-06-14 07:00:31', '2020-06-14 07:00:31'),
(212, 2, 111, 3, 37, 0, 0, 183, 147, 7, 7, 43, 42, 1, '2020-06-14 07:00:31', '2020-06-14 07:00:31'),
(213, 2, 112, 7, 27, 0, 0, 1457, 87, 1, 8, 20, 44, 3, '2020-06-14 07:00:31', '2020-06-14 07:00:31'),
(214, 2, 113, 8, 46, 0, 0, 946, 194, 6, 1, 6, 46, 2, '2020-06-14 07:00:31', '2020-06-14 07:00:31'),
(215, 2, 114, 2, 38, 0, 0, 1729, 67, 5, 9, 10, 30, 2, '2020-06-14 07:00:31', '2020-06-14 07:00:31'),
(216, 2, 115, 5, 3, 0, 0, 1736, 144, 6, 4, 19, 44, 8, '2020-06-14 07:00:31', '2020-06-14 07:00:31'),
(217, 2, 116, 6, 4, 0, 0, 432, 90, 0, 0, 2, 47, 10, '2020-06-14 07:00:31', '2020-06-14 07:00:31'),
(218, 2, 117, 10, 40, 0, 0, 779, 54, 8, 6, 30, 42, 0, '2020-06-14 07:00:31', '2020-06-14 07:00:31'),
(219, 2, 118, 7, 19, 0, 0, 1961, 137, 3, 0, 8, 45, 5, '2020-06-14 07:00:31', '2020-06-14 07:00:31'),
(220, 2, 119, 6, 13, 0, 0, 348, 87, 4, 3, 22, 35, 1, '2020-06-14 07:00:31', '2020-06-14 07:00:31'),
(221, 3, 1, 5, 10, 0, 0, 1466, 182, 1, 0, 37, 49, 4, '2020-06-14 07:00:31', '2020-06-14 07:00:31'),
(222, 3, 2, 9, 10, 0, 0, 181, 57, 6, 9, 32, 18, 6, '2020-06-14 07:00:31', '2020-06-14 07:00:31'),
(223, 3, 3, 9, 46, 0, 0, 1705, 97, 0, 5, 30, 50, 1, '2020-06-14 07:00:31', '2020-06-14 07:00:31'),
(224, 3, 4, 7, 34, 0, 0, 983, 161, 0, 6, 41, 29, 3, '2020-06-14 07:00:31', '2020-06-14 07:00:31'),
(225, 3, 5, 2, 40, 0, 0, 558, 141, 0, 7, 22, 36, 5, '2020-06-14 07:00:31', '2020-06-14 07:00:31'),
(226, 3, 6, 5, 21, 0, 0, 1241, 129, 2, 8, 31, 47, 3, '2020-06-14 07:00:31', '2020-06-14 07:00:31'),
(227, 3, 7, 4, 12, 0, 0, 1668, 145, 0, 6, 32, 25, 0, '2020-06-14 07:00:31', '2020-06-14 07:00:31'),
(228, 3, 8, 5, 23, 0, 0, 1851, 79, 5, 5, 0, 6, 9, '2020-06-14 07:00:31', '2020-06-14 07:00:31'),
(229, 3, 9, 5, 2, 0, 0, 1593, 146, 0, 10, 49, 43, 3, '2020-06-14 07:00:31', '2020-06-14 07:00:31'),
(230, 3, 10, 8, 2, 0, 0, 1282, 167, 6, 6, 28, 35, 2, '2020-06-14 07:00:31', '2020-06-14 07:00:31'),
(231, 3, 11, 1, 44, 0, 0, 234, 181, 2, 8, 8, 34, 9, '2020-06-14 07:00:31', '2020-06-14 07:00:31'),
(232, 3, 12, 6, 8, 0, 0, 1694, 103, 6, 0, 40, 45, 6, '2020-06-14 07:00:31', '2020-06-14 07:00:31'),
(233, 3, 13, 4, 21, 0, 0, 153, 93, 4, 8, 33, 46, 1, '2020-06-14 07:00:31', '2020-06-14 07:00:31'),
(234, 3, 14, 7, 38, 0, 0, 1087, 152, 9, 3, 29, 35, 6, '2020-06-14 07:00:31', '2020-06-14 07:00:31'),
(235, 3, 15, 1, 21, 0, 0, 1066, 149, 9, 3, 25, 11, 8, '2020-06-14 07:00:31', '2020-06-14 07:00:31'),
(236, 3, 16, 5, 44, 0, 0, 760, 191, 7, 5, 49, 9, 1, '2020-06-14 07:00:31', '2020-06-14 07:00:31'),
(237, 3, 17, 1, 5, 0, 0, 243, 158, 6, 10, 38, 28, 8, '2020-06-14 07:00:31', '2020-06-14 07:00:31'),
(238, 3, 18, 8, 3, 0, 0, 326, 64, 10, 3, 25, 17, 3, '2020-06-14 07:00:31', '2020-06-14 07:00:31'),
(239, 3, 19, 10, 26, 0, 0, 1279, 190, 5, 0, 46, 17, 5, '2020-06-14 07:00:31', '2020-06-14 07:00:31'),
(240, 3, 20, 2, 50, 0, 0, 1214, 106, 0, 8, 15, 40, 1, '2020-06-14 07:00:31', '2020-06-14 07:00:31'),
(241, 3, 21, 9, 40, 0, 0, 1912, 169, 0, 8, 43, 2, 8, '2020-06-14 07:00:31', '2020-06-14 07:00:31'),
(242, 3, 22, 9, 38, 0, 0, 1611, 87, 8, 7, 1, 17, 8, '2020-06-14 07:00:31', '2020-06-14 07:00:31'),
(243, 3, 23, 4, 18, 0, 0, 1206, 165, 3, 9, 27, 22, 3, '2020-06-14 07:00:31', '2020-06-14 07:00:31'),
(244, 3, 24, 2, 44, 0, 0, 607, 119, 6, 6, 36, 27, 10, '2020-06-14 07:00:31', '2020-06-14 07:00:31'),
(245, 3, 25, 6, 24, 0, 0, 180, 116, 1, 2, 47, 31, 2, '2020-06-14 07:00:31', '2020-06-14 07:00:31'),
(246, 3, 26, 8, 49, 0, 0, 1902, 102, 6, 7, 24, 48, 2, '2020-06-14 07:00:31', '2020-06-14 07:00:31'),
(247, 3, 27, 1, 41, 0, 0, 1489, 192, 1, 8, 7, 38, 8, '2020-06-14 07:00:31', '2020-06-14 07:00:31'),
(248, 3, 28, 7, 33, 0, 0, 1232, 179, 4, 2, 33, 38, 1, '2020-06-14 07:00:31', '2020-06-14 07:00:31'),
(249, 3, 29, 9, 33, 0, 0, 1470, 185, 10, 5, 5, 33, 8, '2020-06-14 07:00:31', '2020-06-14 07:00:31'),
(250, 3, 30, 3, 31, 0, 0, 284, 137, 9, 10, 32, 29, 9, '2020-06-14 07:00:31', '2020-06-14 07:00:31'),
(251, 3, 31, 10, 50, 0, 0, 486, 185, 7, 7, 32, 18, 0, '2020-06-14 07:00:31', '2020-06-14 07:00:31'),
(252, 3, 32, 7, 39, 0, 0, 562, 110, 9, 1, 3, 43, 8, '2020-06-14 07:00:31', '2020-06-14 07:00:31'),
(253, 3, 33, 7, 7, 0, 0, 884, 188, 0, 0, 44, 15, 6, '2020-06-14 07:00:31', '2020-06-14 07:00:31'),
(254, 3, 34, 7, 40, 0, 0, 1390, 168, 10, 0, 35, 50, 10, '2020-06-14 07:00:31', '2020-06-14 07:00:31'),
(255, 3, 35, 8, 6, 0, 0, 1852, 162, 3, 8, 50, 33, 2, '2020-06-14 07:00:31', '2020-06-14 07:00:31'),
(256, 3, 36, 7, 5, 0, 0, 1205, 123, 10, 6, 38, 30, 9, '2020-06-14 07:00:31', '2020-06-14 07:00:31'),
(257, 3, 37, 4, 30, 0, 0, 679, 69, 7, 3, 3, 32, 6, '2020-06-14 07:00:31', '2020-06-14 07:00:31'),
(258, 3, 38, 5, 9, 0, 0, 1843, 168, 3, 6, 10, 8, 1, '2020-06-14 07:00:31', '2020-06-14 07:00:31'),
(259, 3, 39, 7, 28, 0, 0, 1948, 199, 3, 9, 41, 1, 3, '2020-06-14 07:00:31', '2020-06-14 07:00:31'),
(260, 3, 40, 3, 28, 0, 0, 1056, 165, 4, 10, 46, 21, 9, '2020-06-14 07:00:31', '2020-06-14 07:00:31'),
(261, 3, 41, 3, 40, 0, 0, 1492, 180, 6, 5, 12, 0, 8, '2020-06-14 07:00:31', '2020-06-14 07:00:31'),
(262, 3, 42, 10, 45, 0, 0, 1939, 80, 10, 10, 0, 24, 3, '2020-06-14 07:00:31', '2020-06-14 07:00:31'),
(263, 3, 43, 9, 50, 0, 0, 608, 63, 7, 6, 22, 50, 5, '2020-06-14 07:00:31', '2020-06-14 07:00:31'),
(264, 3, 44, 7, 21, 0, 0, 427, 185, 10, 8, 20, 28, 7, '2020-06-14 07:00:31', '2020-06-14 07:00:31'),
(265, 3, 45, 3, 35, 0, 0, 852, 182, 6, 10, 4, 2, 6, '2020-06-14 07:00:31', '2020-06-14 07:00:31'),
(266, 3, 46, 4, 39, 0, 0, 1254, 180, 8, 6, 2, 2, 0, '2020-06-14 07:00:31', '2020-06-14 07:00:31'),
(267, 3, 47, 4, 4, 0, 0, 933, 58, 8, 1, 45, 14, 1, '2020-06-14 07:00:31', '2020-06-14 07:00:31'),
(268, 3, 48, 8, 7, 0, 0, 616, 158, 8, 2, 35, 24, 8, '2020-06-14 07:00:31', '2020-06-14 07:00:31'),
(269, 3, 49, 7, 1, 0, 0, 1197, 180, 7, 1, 26, 18, 5, '2020-06-14 07:00:31', '2020-06-14 07:00:31'),
(270, 3, 50, 3, 42, 0, 0, 1436, 116, 6, 10, 23, 29, 10, '2020-06-14 07:00:31', '2020-06-14 07:00:31'),
(271, 3, 51, 2, 50, 0, 0, 1829, 99, 4, 8, 27, 17, 3, '2020-06-14 07:00:31', '2020-06-14 07:00:31'),
(272, 3, 52, 1, 35, 0, 0, 1284, 164, 2, 4, 45, 40, 10, '2020-06-14 07:00:31', '2020-06-14 07:00:31'),
(273, 3, 53, 10, 49, 0, 0, 957, 81, 2, 3, 22, 0, 1, '2020-06-14 07:00:31', '2020-06-14 07:00:31'),
(274, 3, 54, 8, 7, 0, 0, 684, 146, 3, 9, 21, 1, 9, '2020-06-14 07:00:31', '2020-06-14 07:00:31'),
(275, 3, 55, 1, 13, 0, 0, 1734, 61, 4, 6, 17, 26, 9, '2020-06-14 07:00:31', '2020-06-14 07:00:31'),
(276, 3, 56, 6, 3, 0, 0, 1698, 172, 7, 0, 2, 28, 1, '2020-06-14 07:00:31', '2020-06-14 07:00:31'),
(277, 3, 57, 2, 19, 0, 0, 679, 105, 8, 4, 48, 14, 9, '2020-06-14 07:00:31', '2020-06-14 07:00:31'),
(278, 3, 58, 5, 18, 0, 0, 808, 112, 7, 6, 22, 38, 7, '2020-06-14 07:00:31', '2020-06-14 07:00:31'),
(279, 3, 59, 10, 43, 0, 0, 1096, 85, 10, 9, 20, 7, 10, '2020-06-14 07:00:31', '2020-06-14 07:00:31'),
(280, 3, 60, 10, 1, 0, 0, 1339, 141, 3, 7, 30, 48, 2, '2020-06-14 07:00:31', '2020-06-14 07:00:31'),
(281, 3, 61, 5, 13, 0, 0, 1520, 198, 5, 9, 35, 14, 2, '2020-06-14 07:00:31', '2020-06-14 07:00:31'),
(282, 3, 62, 1, 31, 0, 0, 1403, 112, 10, 5, 37, 4, 10, '2020-06-14 07:00:31', '2020-06-14 07:00:31'),
(283, 3, 63, 2, 30, 0, 0, 254, 83, 2, 1, 50, 49, 7, '2020-06-14 07:00:31', '2020-06-14 07:00:31'),
(284, 3, 64, 10, 7, 0, 0, 1827, 91, 10, 2, 40, 13, 0, '2020-06-14 07:00:31', '2020-06-14 07:00:31'),
(285, 3, 65, 5, 3, 0, 0, 1721, 91, 3, 0, 39, 26, 6, '2020-06-14 07:00:31', '2020-06-14 07:00:31'),
(286, 3, 66, 7, 20, 0, 0, 980, 89, 5, 9, 14, 20, 2, '2020-06-14 07:00:31', '2020-06-14 07:00:31'),
(287, 3, 67, 9, 26, 0, 0, 227, 140, 5, 1, 7, 39, 2, '2020-06-14 07:00:31', '2020-06-14 07:00:31'),
(288, 3, 68, 9, 31, 0, 0, 778, 194, 7, 8, 25, 35, 10, '2020-06-14 07:00:31', '2020-06-14 07:00:31'),
(289, 3, 69, 10, 36, 0, 0, 1449, 83, 7, 2, 43, 15, 3, '2020-06-14 07:00:31', '2020-06-14 07:00:31'),
(290, 3, 70, 4, 40, 0, 0, 1797, 194, 6, 4, 11, 15, 1, '2020-06-14 07:00:31', '2020-06-14 07:00:31'),
(291, 3, 71, 4, 38, 0, 0, 1005, 137, 2, 3, 41, 45, 0, '2020-06-14 07:00:31', '2020-06-14 07:00:31'),
(292, 3, 72, 4, 40, 0, 0, 1612, 103, 10, 2, 7, 8, 1, '2020-06-14 07:00:31', '2020-06-14 07:00:31'),
(293, 3, 73, 9, 28, 0, 0, 536, 102, 1, 7, 37, 8, 6, '2020-06-14 07:00:31', '2020-06-14 07:00:31'),
(294, 3, 74, 10, 15, 0, 0, 1433, 192, 3, 5, 41, 27, 7, '2020-06-14 07:00:31', '2020-06-14 07:00:31'),
(295, 3, 75, 6, 10, 0, 0, 1733, 115, 2, 0, 28, 40, 10, '2020-06-14 07:00:31', '2020-06-14 07:00:31'),
(296, 3, 76, 1, 29, 0, 0, 1712, 110, 10, 7, 35, 20, 4, '2020-06-14 07:00:31', '2020-06-14 07:00:31'),
(297, 3, 77, 1, 38, 0, 0, 327, 90, 9, 2, 36, 50, 0, '2020-06-14 07:00:31', '2020-06-14 07:00:31'),
(298, 3, 78, 9, 25, 0, 0, 943, 152, 8, 3, 1, 25, 0, '2020-06-14 07:00:31', '2020-06-14 07:00:31'),
(299, 3, 79, 8, 36, 0, 0, 814, 84, 3, 3, 29, 25, 3, '2020-06-14 07:00:31', '2020-06-14 07:00:31'),
(300, 3, 80, 8, 33, 0, 0, 1680, 182, 3, 8, 20, 5, 9, '2020-06-14 07:00:31', '2020-06-14 07:00:31'),
(301, 3, 81, 9, 44, 0, 0, 1174, 127, 8, 1, 44, 35, 6, '2020-06-14 07:00:31', '2020-06-14 07:00:31'),
(302, 3, 82, 8, 7, 0, 0, 1857, 91, 8, 1, 11, 7, 9, '2020-06-14 07:00:31', '2020-06-14 07:00:31'),
(303, 3, 83, 1, 16, 0, 0, 1562, 107, 10, 0, 3, 11, 5, '2020-06-14 07:00:31', '2020-06-14 07:00:31'),
(304, 3, 84, 8, 18, 0, 0, 531, 57, 9, 5, 4, 13, 5, '2020-06-14 07:00:31', '2020-06-14 07:00:31'),
(305, 3, 85, 3, 21, 0, 0, 1289, 140, 7, 5, 35, 31, 10, '2020-06-14 07:00:31', '2020-06-14 07:00:31'),
(306, 3, 86, 8, 35, 0, 0, 1817, 171, 7, 3, 25, 27, 3, '2020-06-14 07:00:31', '2020-06-14 07:00:31'),
(307, 3, 87, 4, 22, 0, 0, 985, 165, 3, 3, 8, 12, 7, '2020-06-14 07:00:31', '2020-06-14 07:00:31'),
(308, 3, 88, 2, 42, 0, 0, 1936, 153, 2, 9, 6, 2, 7, '2020-06-14 07:00:31', '2020-06-14 07:00:31'),
(309, 3, 89, 3, 41, 0, 0, 351, 84, 0, 6, 39, 47, 9, '2020-06-14 07:00:31', '2020-06-14 07:00:31'),
(310, 3, 90, 7, 26, 0, 0, 536, 62, 8, 5, 40, 24, 9, '2020-06-14 07:00:31', '2020-06-14 07:00:31'),
(311, 3, 91, 3, 38, 0, 0, 332, 130, 7, 7, 30, 39, 6, '2020-06-14 07:00:31', '2020-06-14 07:00:31'),
(312, 3, 92, 6, 30, 0, 0, 119, 128, 6, 3, 39, 33, 2, '2020-06-14 07:00:31', '2020-06-14 07:00:31'),
(313, 3, 93, 1, 49, 0, 0, 119, 143, 2, 2, 36, 14, 2, '2020-06-14 07:00:31', '2020-06-14 07:00:31'),
(314, 3, 94, 5, 9, 0, 0, 1447, 189, 5, 1, 19, 25, 6, '2020-06-14 07:00:31', '2020-06-14 07:00:31'),
(315, 3, 95, 4, 45, 0, 0, 1299, 162, 4, 10, 34, 29, 1, '2020-06-14 07:00:31', '2020-06-14 07:00:31'),
(316, 3, 96, 9, 5, 0, 0, 1201, 133, 7, 5, 13, 7, 3, '2020-06-14 07:00:31', '2020-06-14 07:00:31'),
(317, 3, 97, 3, 32, 0, 0, 344, 153, 1, 8, 17, 3, 9, '2020-06-14 07:00:31', '2020-06-14 07:00:31'),
(318, 3, 98, 8, 3, 0, 0, 397, 55, 0, 6, 45, 41, 1, '2020-06-14 07:00:31', '2020-06-14 07:00:31'),
(319, 3, 99, 10, 5, 0, 0, 805, 162, 9, 6, 14, 10, 5, '2020-06-14 07:00:31', '2020-06-14 07:00:31'),
(320, 3, 100, 10, 31, 0, 0, 672, 125, 7, 0, 4, 24, 1, '2020-06-14 07:00:31', '2020-06-14 07:00:31'),
(321, 3, 101, 9, 6, 0, 0, 1150, 143, 0, 5, 18, 50, 5, '2020-06-14 07:00:31', '2020-06-14 07:00:31'),
(322, 4, 1, 9, 37, 0, 0, 876, 105, 3, 9, 8, 33, 5, '2020-06-14 07:00:31', '2020-06-14 07:00:31'),
(323, 4, 2, 2, 50, 0, 0, 1618, 80, 4, 0, 16, 43, 7, '2020-06-14 07:00:31', '2020-06-14 07:00:31'),
(324, 4, 3, 7, 7, 0, 0, 1764, 74, 10, 7, 31, 2, 1, '2020-06-14 07:00:31', '2020-06-14 07:00:31'),
(325, 4, 4, 4, 47, 0, 0, 816, 180, 2, 5, 44, 3, 2, '2020-06-14 07:00:31', '2020-06-14 07:00:31'),
(326, 4, 5, 10, 5, 0, 0, 1848, 150, 5, 8, 1, 7, 9, '2020-06-14 07:00:31', '2020-06-14 07:00:31'),
(327, 4, 6, 7, 5, 0, 0, 1921, 54, 5, 1, 27, 24, 3, '2020-06-14 07:00:31', '2020-06-14 07:00:31'),
(328, 4, 7, 7, 17, 0, 0, 1768, 158, 3, 8, 18, 20, 9, '2020-06-14 07:00:31', '2020-06-14 07:00:31'),
(329, 4, 8, 4, 39, 0, 0, 387, 78, 2, 10, 30, 41, 5, '2020-06-14 07:00:31', '2020-06-14 07:00:31'),
(330, 4, 9, 3, 25, 0, 0, 1251, 101, 2, 10, 0, 25, 3, '2020-06-14 07:00:31', '2020-06-14 07:00:31'),
(331, 4, 10, 4, 50, 0, 0, 1017, 76, 0, 0, 41, 12, 6, '2020-06-14 07:00:31', '2020-06-14 07:00:31'),
(332, 4, 11, 8, 20, 0, 0, 1788, 177, 7, 7, 26, 10, 5, '2020-06-14 07:00:31', '2020-06-14 07:00:31'),
(333, 4, 12, 7, 5, 0, 0, 222, 126, 2, 2, 26, 43, 9, '2020-06-14 07:00:31', '2020-06-14 07:00:31'),
(334, 4, 13, 7, 44, 0, 0, 1254, 157, 4, 6, 6, 41, 2, '2020-06-14 07:00:31', '2020-06-14 07:00:31'),
(335, 4, 14, 3, 13, 0, 0, 1424, 76, 10, 2, 11, 33, 10, '2020-06-14 07:00:31', '2020-06-14 07:00:31'),
(336, 4, 15, 1, 43, 0, 0, 1700, 65, 6, 3, 50, 1, 2, '2020-06-14 07:00:31', '2020-06-14 07:00:31'),
(337, 4, 16, 3, 16, 0, 0, 1737, 141, 3, 5, 38, 47, 4, '2020-06-14 07:00:31', '2020-06-14 07:00:31'),
(338, 4, 17, 3, 44, 0, 0, 813, 115, 1, 4, 11, 24, 4, '2020-06-14 07:00:31', '2020-06-14 07:00:31'),
(339, 4, 18, 10, 48, 0, 0, 1263, 153, 8, 7, 7, 20, 1, '2020-06-14 07:00:31', '2020-06-14 07:00:31'),
(340, 4, 19, 9, 4, 0, 0, 975, 86, 2, 9, 29, 37, 10, '2020-06-14 07:00:31', '2020-06-14 07:00:31'),
(341, 4, 20, 8, 17, 0, 0, 1604, 67, 0, 8, 38, 5, 7, '2020-06-14 07:00:31', '2020-06-14 07:00:31'),
(342, 4, 21, 10, 31, 0, 0, 1836, 104, 3, 0, 44, 21, 0, '2020-06-14 07:00:31', '2020-06-14 07:00:31'),
(343, 4, 22, 7, 43, 0, 0, 1717, 55, 4, 10, 28, 20, 0, '2020-06-14 07:00:31', '2020-06-14 07:00:31'),
(344, 4, 23, 4, 33, 0, 0, 1433, 194, 0, 7, 11, 40, 8, '2020-06-14 07:00:31', '2020-06-14 07:00:31'),
(345, 4, 24, 8, 18, 0, 0, 487, 85, 10, 2, 2, 31, 0, '2020-06-14 07:00:31', '2020-06-14 07:00:31'),
(346, 4, 25, 7, 1, 0, 0, 330, 59, 1, 3, 22, 42, 2, '2020-06-14 07:00:31', '2020-06-14 07:00:31'),
(347, 4, 26, 3, 35, 0, 0, 274, 180, 9, 4, 41, 0, 0, '2020-06-14 07:00:31', '2020-06-14 07:00:31'),
(348, 4, 27, 5, 38, 0, 0, 552, 86, 0, 8, 23, 12, 10, '2020-06-14 07:00:31', '2020-06-14 07:00:31'),
(349, 4, 28, 9, 9, 0, 0, 873, 145, 3, 4, 44, 4, 10, '2020-06-14 07:00:31', '2020-06-14 07:00:31'),
(350, 4, 29, 1, 35, 0, 0, 1648, 64, 1, 5, 25, 18, 7, '2020-06-14 07:00:31', '2020-06-14 07:00:31'),
(351, 4, 30, 1, 3, 0, 0, 1094, 159, 0, 6, 21, 37, 4, '2020-06-14 07:00:31', '2020-06-14 07:00:31'),
(352, 4, 31, 7, 16, 0, 0, 680, 82, 1, 1, 35, 13, 0, '2020-06-14 07:00:31', '2020-06-14 07:00:31'),
(353, 4, 32, 6, 24, 0, 0, 1281, 164, 8, 0, 33, 24, 3, '2020-06-14 07:00:31', '2020-06-14 07:00:31'),
(354, 4, 33, 8, 48, 0, 0, 425, 109, 6, 3, 45, 40, 5, '2020-06-14 07:00:31', '2020-06-14 07:00:31'),
(355, 4, 34, 8, 20, 0, 0, 1228, 173, 9, 10, 48, 38, 5, '2020-06-14 07:00:31', '2020-06-14 07:00:31'),
(356, 4, 35, 9, 43, 0, 0, 1718, 184, 6, 4, 12, 3, 4, '2020-06-14 07:00:31', '2020-06-14 07:00:31'),
(357, 4, 36, 9, 16, 0, 0, 521, 192, 10, 0, 49, 24, 10, '2020-06-14 07:00:31', '2020-06-14 07:00:31'),
(358, 4, 37, 6, 21, 0, 0, 964, 87, 1, 5, 31, 5, 8, '2020-06-14 07:00:31', '2020-06-14 07:00:31'),
(359, 4, 38, 7, 17, 0, 0, 509, 188, 2, 9, 17, 14, 9, '2020-06-14 07:00:31', '2020-06-14 07:00:31'),
(360, 4, 39, 5, 3, 0, 0, 778, 81, 8, 10, 9, 29, 10, '2020-06-14 07:00:31', '2020-06-14 07:00:31'),
(361, 4, 40, 3, 4, 0, 0, 1256, 108, 5, 4, 15, 47, 4, '2020-06-14 07:00:31', '2020-06-14 07:00:31'),
(362, 4, 41, 5, 26, 0, 0, 605, 133, 9, 0, 11, 31, 1, '2020-06-14 07:00:31', '2020-06-14 07:00:31'),
(363, 4, 42, 5, 9, 0, 0, 1365, 129, 4, 5, 20, 37, 0, '2020-06-14 07:00:31', '2020-06-14 07:00:31'),
(364, 4, 43, 4, 33, 0, 0, 836, 60, 7, 4, 21, 47, 7, '2020-06-14 07:00:31', '2020-06-14 07:00:31'),
(365, 4, 44, 7, 3, 0, 0, 831, 82, 6, 5, 19, 34, 6, '2020-06-14 07:00:31', '2020-06-14 07:00:31'),
(366, 4, 45, 2, 38, 0, 0, 1678, 171, 8, 9, 23, 3, 4, '2020-06-14 07:00:31', '2020-06-14 07:00:31'),
(367, 4, 46, 7, 45, 0, 0, 719, 183, 1, 1, 9, 14, 8, '2020-06-14 07:00:31', '2020-06-14 07:00:31'),
(368, 4, 47, 4, 32, 0, 0, 247, 87, 8, 2, 0, 7, 2, '2020-06-14 07:00:31', '2020-06-14 07:00:31'),
(369, 4, 48, 9, 43, 0, 0, 1117, 74, 0, 7, 19, 48, 7, '2020-06-14 07:00:31', '2020-06-14 07:00:31'),
(370, 4, 49, 3, 15, 0, 0, 1672, 134, 7, 3, 32, 32, 7, '2020-06-14 07:00:31', '2020-06-14 07:00:31'),
(371, 4, 50, 9, 21, 0, 0, 1821, 173, 2, 6, 0, 29, 8, '2020-06-14 07:00:31', '2020-06-14 07:00:31'),
(372, 4, 51, 7, 10, 0, 0, 539, 110, 9, 0, 49, 26, 5, '2020-06-14 07:00:31', '2020-06-14 07:00:31'),
(373, 4, 52, 7, 31, 0, 0, 1095, 145, 5, 10, 44, 3, 6, '2020-06-14 07:00:31', '2020-06-14 07:00:31'),
(374, 4, 53, 9, 38, 0, 0, 1677, 196, 3, 10, 32, 4, 1, '2020-06-14 07:00:31', '2020-06-14 07:00:31'),
(375, 4, 54, 5, 16, 0, 0, 1194, 163, 5, 4, 18, 22, 10, '2020-06-14 07:00:31', '2020-06-14 07:00:31'),
(376, 4, 55, 2, 25, 0, 0, 748, 64, 1, 2, 24, 35, 0, '2020-06-14 07:00:31', '2020-06-14 07:00:31'),
(377, 4, 56, 3, 46, 0, 0, 1769, 56, 1, 8, 17, 5, 5, '2020-06-14 07:00:31', '2020-06-14 07:00:31'),
(378, 4, 57, 10, 6, 0, 0, 1140, 193, 2, 6, 43, 23, 6, '2020-06-14 07:00:31', '2020-06-14 07:00:31'),
(379, 4, 58, 3, 7, 0, 0, 1930, 184, 2, 4, 41, 16, 6, '2020-06-14 07:00:31', '2020-06-14 07:00:31'),
(380, 4, 59, 6, 5, 0, 0, 1871, 187, 0, 7, 49, 13, 2, '2020-06-14 07:00:31', '2020-06-14 07:00:31'),
(381, 4, 60, 8, 36, 0, 0, 1080, 150, 10, 7, 28, 8, 10, '2020-06-14 07:00:31', '2020-06-14 07:00:31'),
(382, 4, 61, 2, 17, 0, 0, 1571, 76, 0, 4, 17, 45, 8, '2020-06-14 07:00:31', '2020-06-14 07:00:31'),
(383, 4, 62, 1, 14, 0, 0, 1610, 187, 5, 4, 0, 22, 7, '2020-06-14 07:00:31', '2020-06-14 07:00:31'),
(384, 4, 63, 8, 5, 0, 0, 108, 162, 2, 8, 43, 24, 3, '2020-06-14 07:00:31', '2020-06-14 07:00:31'),
(385, 4, 64, 4, 37, 0, 0, 1941, 83, 6, 7, 16, 15, 2, '2020-06-14 07:00:31', '2020-06-14 07:00:31'),
(386, 4, 65, 3, 23, 0, 0, 1407, 161, 1, 1, 8, 41, 0, '2020-06-14 07:00:31', '2020-06-14 07:00:31'),
(387, 4, 66, 1, 14, 0, 0, 686, 112, 8, 0, 48, 14, 2, '2020-06-14 07:00:31', '2020-06-14 07:00:31'),
(388, 4, 67, 10, 16, 0, 0, 692, 167, 6, 10, 22, 42, 0, '2020-06-14 07:00:31', '2020-06-14 07:00:31'),
(389, 4, 68, 8, 5, 0, 0, 1910, 189, 8, 4, 9, 29, 2, '2020-06-14 07:00:31', '2020-06-14 07:00:31'),
(390, 4, 69, 7, 42, 0, 0, 122, 85, 3, 2, 34, 22, 4, '2020-06-14 07:00:31', '2020-06-14 07:00:31'),
(391, 4, 70, 3, 45, 0, 0, 467, 163, 1, 8, 47, 36, 10, '2020-06-14 07:00:31', '2020-06-14 07:00:31'),
(392, 4, 71, 9, 5, 0, 0, 1078, 118, 10, 6, 28, 40, 1, '2020-06-14 07:00:31', '2020-06-14 07:00:31'),
(393, 4, 72, 10, 41, 0, 0, 834, 200, 5, 8, 8, 45, 10, '2020-06-14 07:00:31', '2020-06-14 07:00:31'),
(394, 4, 73, 9, 4, 0, 0, 1343, 151, 9, 2, 2, 18, 5, '2020-06-14 07:00:31', '2020-06-14 07:00:31'),
(395, 4, 74, 7, 2, 0, 0, 422, 122, 8, 9, 6, 26, 3, '2020-06-14 07:00:31', '2020-06-14 07:00:31'),
(396, 4, 75, 1, 4, 0, 0, 229, 59, 5, 3, 11, 16, 8, '2020-06-14 07:00:31', '2020-06-14 07:00:31'),
(397, 4, 76, 1, 22, 0, 0, 788, 167, 5, 6, 20, 18, 10, '2020-06-14 07:00:31', '2020-06-14 07:00:31'),
(398, 4, 77, 5, 27, 0, 0, 1878, 153, 0, 7, 28, 21, 4, '2020-06-14 07:00:31', '2020-06-14 07:00:31'),
(399, 4, 78, 9, 44, 0, 0, 1437, 75, 2, 2, 45, 49, 1, '2020-06-14 07:00:31', '2020-06-14 07:00:31'),
(400, 4, 79, 8, 43, 0, 0, 590, 50, 8, 2, 13, 26, 10, '2020-06-14 07:00:31', '2020-06-14 07:00:31'),
(401, 4, 80, 8, 37, 0, 0, 1996, 154, 2, 9, 17, 22, 3, '2020-06-14 07:00:31', '2020-06-14 07:00:31'),
(402, 4, 81, 6, 22, 0, 0, 1912, 185, 3, 1, 13, 27, 6, '2020-06-14 07:00:31', '2020-06-14 07:00:31'),
(403, 4, 82, 9, 36, 0, 0, 107, 161, 8, 10, 3, 8, 5, '2020-06-14 07:00:31', '2020-06-14 07:00:31'),
(404, 4, 83, 5, 48, 0, 0, 1031, 125, 6, 4, 25, 11, 10, '2020-06-14 07:00:31', '2020-06-14 07:00:31'),
(405, 4, 84, 6, 46, 0, 0, 982, 182, 7, 8, 16, 2, 6, '2020-06-14 07:00:31', '2020-06-14 07:00:31'),
(406, 4, 85, 8, 8, 0, 0, 1029, 140, 3, 9, 3, 11, 9, '2020-06-14 07:00:31', '2020-06-14 07:00:31'),
(407, 4, 86, 5, 45, 0, 0, 632, 151, 10, 8, 32, 34, 10, '2020-06-14 07:00:31', '2020-06-14 07:00:31'),
(408, 4, 87, 8, 7, 0, 0, 1064, 168, 7, 5, 12, 35, 9, '2020-06-14 07:00:31', '2020-06-14 07:00:31'),
(409, 4, 88, 8, 46, 0, 0, 1106, 136, 4, 3, 9, 4, 2, '2020-06-14 07:00:31', '2020-06-14 07:00:31'),
(410, 4, 89, 3, 15, 0, 0, 1291, 105, 8, 2, 6, 36, 3, '2020-06-14 07:00:31', '2020-06-14 07:00:31'),
(411, 4, 90, 1, 50, 0, 0, 1105, 59, 6, 10, 49, 3, 6, '2020-06-14 07:00:31', '2020-06-14 07:00:31'),
(412, 4, 91, 8, 13, 0, 0, 335, 142, 7, 1, 4, 17, 10, '2020-06-14 07:00:31', '2020-06-14 07:00:31'),
(413, 4, 92, 2, 20, 0, 0, 1390, 161, 4, 4, 32, 38, 9, '2020-06-14 07:00:31', '2020-06-14 07:00:31'),
(414, 4, 93, 7, 42, 0, 0, 1910, 132, 9, 0, 0, 41, 8, '2020-06-14 07:00:31', '2020-06-14 07:00:31'),
(415, 4, 94, 8, 37, 0, 0, 1754, 145, 2, 0, 35, 13, 0, '2020-06-14 07:00:31', '2020-06-14 07:00:31'),
(416, 4, 95, 10, 7, 0, 0, 1510, 152, 9, 5, 24, 23, 8, '2020-06-14 07:00:31', '2020-06-14 07:00:31'),
(417, 4, 96, 7, 7, 0, 0, 298, 132, 0, 6, 30, 20, 6, '2020-06-14 07:00:31', '2020-06-14 07:00:31'),
(418, 4, 97, 6, 28, 0, 0, 133, 60, 7, 2, 15, 39, 3, '2020-06-14 07:00:31', '2020-06-14 07:00:31'),
(419, 4, 98, 4, 28, 0, 0, 583, 123, 6, 5, 1, 19, 2, '2020-06-14 07:00:31', '2020-06-14 07:00:31'),
(420, 4, 99, 3, 45, 0, 0, 302, 197, 1, 9, 23, 5, 6, '2020-06-14 07:00:31', '2020-06-14 07:00:31'),
(421, 4, 100, 7, 47, 0, 0, 412, 85, 5, 2, 32, 6, 10, '2020-06-14 07:00:31', '2020-06-14 07:00:31'),
(422, 4, 101, 2, 35, 0, 0, 515, 72, 1, 0, 39, 47, 7, '2020-06-14 07:00:31', '2020-06-14 07:00:31'),
(423, 4, 102, 6, 21, 0, 0, 396, 184, 3, 9, 3, 10, 6, '2020-06-14 07:00:31', '2020-06-14 07:00:31'),
(424, 4, 103, 2, 12, 0, 0, 625, 171, 5, 8, 26, 5, 10, '2020-06-14 07:00:31', '2020-06-14 07:00:31'),
(425, 4, 104, 6, 2, 0, 0, 253, 101, 3, 3, 36, 19, 8, '2020-06-14 07:00:31', '2020-06-14 07:00:31'),
(426, 4, 105, 8, 35, 0, 0, 1194, 128, 8, 1, 13, 40, 9, '2020-06-14 07:00:31', '2020-06-14 07:00:31'),
(427, 4, 106, 2, 49, 0, 0, 628, 182, 10, 4, 22, 24, 10, '2020-06-14 07:00:31', '2020-06-14 07:00:31'),
(428, 4, 107, 4, 14, 0, 0, 1303, 79, 2, 9, 46, 8, 10, '2020-06-14 07:00:31', '2020-06-14 07:00:31'),
(429, 4, 108, 5, 34, 0, 0, 1810, 173, 5, 8, 40, 17, 8, '2020-06-14 07:00:31', '2020-06-14 07:00:31'),
(430, 4, 109, 10, 18, 0, 0, 1560, 65, 10, 8, 9, 14, 4, '2020-06-14 07:00:31', '2020-06-14 07:00:31'),
(431, 4, 110, 8, 27, 0, 0, 1707, 186, 7, 0, 43, 16, 1, '2020-06-14 07:00:31', '2020-06-14 07:00:31'),
(432, 4, 111, 9, 13, 0, 0, 446, 163, 0, 0, 46, 16, 2, '2020-06-14 07:00:31', '2020-06-14 07:00:31'),
(433, 4, 112, 7, 41, 0, 0, 1158, 60, 0, 9, 12, 27, 4, '2020-06-14 07:00:31', '2020-06-14 07:00:31'),
(434, 4, 113, 7, 16, 0, 0, 958, 79, 3, 9, 47, 36, 9, '2020-06-14 07:00:31', '2020-06-14 07:00:31'),
(435, 4, 114, 4, 18, 0, 0, 1398, 83, 4, 10, 50, 48, 6, '2020-06-14 07:00:31', '2020-06-14 07:00:31'),
(436, 4, 115, 2, 4, 0, 0, 1095, 108, 7, 9, 48, 16, 1, '2020-06-14 07:00:31', '2020-06-14 07:00:31'),
(437, 4, 116, 5, 24, 0, 0, 1134, 67, 4, 5, 47, 17, 7, '2020-06-14 07:00:31', '2020-06-14 07:00:31'),
(438, 4, 117, 4, 49, 0, 0, 1170, 162, 10, 9, 15, 13, 1, '2020-06-14 07:00:31', '2020-06-14 07:00:31'),
(439, 4, 118, 4, 40, 0, 0, 275, 67, 9, 2, 34, 39, 8, '2020-06-14 07:00:31', '2020-06-14 07:00:31'),
(440, 4, 119, 9, 2, 0, 0, 778, 80, 2, 0, 47, 2, 5, '2020-06-14 07:00:31', '2020-06-14 07:00:31'),
(441, 4, 120, 7, 45, 0, 0, 1701, 134, 9, 2, 24, 18, 6, '2020-06-14 07:00:31', '2020-06-14 07:00:31'),
(442, 4, 121, 7, 1, 0, 0, 1227, 108, 6, 4, 11, 9, 3, '2020-06-14 07:00:31', '2020-06-14 07:00:31'),
(443, 4, 122, 6, 18, 0, 0, 1549, 64, 8, 7, 25, 24, 3, '2020-06-14 07:00:31', '2020-06-14 07:00:31'),
(444, 4, 123, 3, 50, 0, 0, 1325, 129, 9, 5, 27, 45, 3, '2020-06-14 07:00:31', '2020-06-14 07:00:31'),
(445, 4, 124, 3, 17, 0, 0, 1435, 90, 6, 9, 42, 37, 0, '2020-06-14 07:00:31', '2020-06-14 07:00:31'),
(446, 4, 125, 3, 1, 0, 0, 818, 135, 2, 1, 46, 19, 5, '2020-06-14 07:00:31', '2020-06-14 07:00:31'),
(447, 4, 126, 3, 7, 0, 0, 265, 193, 2, 0, 44, 17, 7, '2020-06-14 07:00:31', '2020-06-14 07:00:31'),
(448, 4, 127, 9, 21, 0, 0, 563, 135, 6, 4, 44, 8, 6, '2020-06-14 07:00:31', '2020-06-14 07:00:31'),
(449, 4, 128, 2, 31, 0, 0, 1328, 110, 1, 9, 41, 33, 10, '2020-06-14 07:00:31', '2020-06-14 07:00:31'),
(450, 4, 129, 7, 45, 0, 0, 1821, 119, 4, 7, 36, 30, 7, '2020-06-14 07:00:31', '2020-06-14 07:00:31'),
(451, 4, 130, 7, 7, 0, 0, 543, 117, 3, 9, 3, 2, 0, '2020-06-14 07:00:31', '2020-06-14 07:00:31'),
(452, 4, 131, 6, 2, 0, 0, 1850, 117, 0, 7, 21, 0, 2, '2020-06-14 07:00:31', '2020-06-14 07:00:31'),
(453, 4, 132, 10, 17, 0, 0, 1137, 111, 10, 0, 3, 23, 2, '2020-06-14 07:00:31', '2020-06-14 07:00:31'),
(454, 4, 133, 2, 20, 0, 0, 1203, 65, 6, 3, 5, 46, 5, '2020-06-14 07:00:31', '2020-06-14 07:00:31'),
(455, 4, 134, 3, 9, 0, 0, 1689, 63, 1, 3, 1, 20, 4, '2020-06-14 07:00:31', '2020-06-14 07:00:31'),
(456, 5, 1, 8, 6, 0, 0, 916, 104, 8, 7, 39, 42, 10, '2020-06-14 07:00:31', '2020-06-14 07:00:31'),
(457, 5, 2, 1, 36, 0, 0, 1381, 130, 2, 7, 0, 10, 2, '2020-06-14 07:00:31', '2020-06-14 07:00:31'),
(458, 5, 3, 9, 27, 0, 0, 838, 69, 8, 6, 9, 19, 8, '2020-06-14 07:00:31', '2020-06-14 07:00:31'),
(459, 5, 4, 1, 21, 0, 0, 1154, 156, 0, 2, 35, 22, 8, '2020-06-14 07:00:31', '2020-06-14 07:00:31'),
(460, 5, 5, 7, 44, 0, 0, 215, 60, 10, 7, 9, 31, 8, '2020-06-14 07:00:31', '2020-06-14 07:00:31'),
(461, 5, 6, 8, 34, 0, 0, 1409, 153, 0, 1, 25, 3, 2, '2020-06-14 07:00:31', '2020-06-14 07:00:31'),
(462, 5, 7, 7, 37, 0, 0, 896, 152, 6, 4, 5, 29, 3, '2020-06-14 07:00:31', '2020-06-14 07:00:31'),
(463, 5, 8, 2, 41, 0, 0, 221, 172, 1, 10, 20, 50, 3, '2020-06-14 07:00:31', '2020-06-14 07:00:31'),
(464, 5, 9, 3, 25, 0, 0, 438, 126, 0, 0, 13, 0, 2, '2020-06-14 07:00:31', '2020-06-14 07:00:31'),
(465, 5, 10, 2, 30, 0, 0, 1432, 76, 8, 9, 20, 16, 3, '2020-06-14 07:00:31', '2020-06-14 07:00:31'),
(466, 5, 11, 5, 48, 0, 0, 667, 168, 3, 3, 32, 24, 8, '2020-06-14 07:00:31', '2020-06-14 07:00:31'),
(467, 5, 12, 8, 39, 0, 0, 1765, 132, 8, 10, 4, 13, 5, '2020-06-14 07:00:31', '2020-06-14 07:00:31'),
(468, 5, 13, 1, 7, 0, 0, 1742, 168, 9, 8, 36, 27, 2, '2020-06-14 07:00:31', '2020-06-14 07:00:31'),
(469, 5, 14, 4, 25, 0, 0, 1881, 72, 10, 6, 40, 46, 4, '2020-06-14 07:00:31', '2020-06-14 07:00:31'),
(470, 5, 15, 1, 35, 0, 0, 1974, 102, 7, 7, 18, 16, 5, '2020-06-14 07:00:31', '2020-06-14 07:00:31'),
(471, 5, 16, 2, 44, 0, 0, 126, 56, 0, 8, 33, 23, 2, '2020-06-14 07:00:31', '2020-06-14 07:00:31'),
(472, 5, 17, 6, 24, 0, 0, 239, 64, 4, 9, 47, 6, 4, '2020-06-14 07:00:31', '2020-06-14 07:00:31'),
(473, 5, 18, 10, 31, 0, 0, 1114, 67, 10, 3, 27, 36, 9, '2020-06-14 07:00:31', '2020-06-14 07:00:31'),
(474, 5, 19, 1, 32, 0, 0, 1044, 147, 1, 3, 17, 46, 4, '2020-06-14 07:00:31', '2020-06-14 07:00:31'),
(475, 5, 20, 6, 24, 0, 0, 741, 155, 2, 7, 27, 26, 5, '2020-06-14 07:00:31', '2020-06-14 07:00:31'),
(476, 5, 21, 7, 46, 0, 0, 955, 193, 6, 7, 43, 30, 9, '2020-06-14 07:00:31', '2020-06-14 07:00:31'),
(477, 5, 22, 5, 30, 0, 0, 1562, 159, 8, 5, 22, 26, 0, '2020-06-14 07:00:31', '2020-06-14 07:00:31'),
(478, 5, 23, 1, 46, 0, 0, 1453, 162, 9, 6, 26, 42, 2, '2020-06-14 07:00:31', '2020-06-14 07:00:31'),
(479, 5, 24, 9, 10, 0, 0, 1490, 64, 7, 8, 43, 21, 7, '2020-06-14 07:00:31', '2020-06-14 07:00:31'),
(480, 5, 25, 9, 34, 0, 0, 165, 50, 0, 1, 27, 10, 0, '2020-06-14 07:00:31', '2020-06-14 07:00:31'),
(481, 5, 26, 9, 30, 0, 0, 1234, 177, 8, 8, 19, 6, 4, '2020-06-14 07:00:31', '2020-06-14 07:00:31'),
(482, 5, 27, 2, 41, 0, 0, 969, 57, 4, 5, 36, 6, 2, '2020-06-14 07:00:31', '2020-06-14 07:00:31'),
(483, 5, 28, 8, 1, 0, 0, 726, 60, 10, 1, 22, 34, 9, '2020-06-14 07:00:31', '2020-06-14 07:00:31'),
(484, 5, 29, 2, 33, 0, 0, 607, 113, 2, 9, 41, 26, 7, '2020-06-14 07:00:31', '2020-06-14 07:00:31'),
(485, 5, 30, 9, 49, 0, 0, 523, 58, 2, 2, 23, 21, 6, '2020-06-14 07:00:31', '2020-06-14 07:00:31'),
(486, 5, 31, 9, 18, 0, 0, 1868, 119, 6, 6, 34, 19, 4, '2020-06-14 07:00:31', '2020-06-14 07:00:31'),
(487, 5, 32, 5, 34, 0, 0, 1490, 193, 7, 10, 0, 29, 4, '2020-06-14 07:00:31', '2020-06-14 07:00:31'),
(488, 5, 33, 5, 17, 0, 0, 1834, 181, 7, 4, 45, 29, 5, '2020-06-14 07:00:31', '2020-06-14 07:00:31'),
(489, 5, 34, 8, 15, 0, 0, 1555, 99, 3, 2, 5, 23, 3, '2020-06-14 07:00:31', '2020-06-14 07:00:31'),
(490, 5, 35, 5, 42, 0, 0, 1214, 119, 2, 4, 30, 15, 7, '2020-06-14 07:00:31', '2020-06-14 07:00:31'),
(491, 5, 36, 5, 49, 0, 0, 1415, 72, 8, 4, 30, 38, 9, '2020-06-14 07:00:31', '2020-06-14 07:00:31'),
(492, 5, 37, 9, 39, 0, 0, 596, 197, 7, 8, 50, 27, 10, '2020-06-14 07:00:31', '2020-06-14 07:00:31'),
(493, 5, 38, 9, 28, 0, 0, 1844, 64, 7, 0, 41, 4, 10, '2020-06-14 07:00:31', '2020-06-14 07:00:31'),
(494, 5, 39, 4, 33, 0, 0, 673, 128, 3, 10, 47, 22, 5, '2020-06-14 07:00:31', '2020-06-14 07:00:31'),
(495, 5, 40, 10, 43, 0, 0, 690, 103, 8, 2, 35, 39, 9, '2020-06-14 07:00:31', '2020-06-14 07:00:31'),
(496, 5, 41, 4, 18, 0, 0, 433, 190, 8, 1, 3, 40, 7, '2020-06-14 07:00:31', '2020-06-14 07:00:31'),
(497, 5, 42, 6, 42, 0, 0, 884, 155, 1, 5, 27, 41, 9, '2020-06-14 07:00:31', '2020-06-14 07:00:31'),
(498, 5, 43, 3, 28, 0, 0, 458, 117, 0, 1, 15, 48, 4, '2020-06-14 07:00:31', '2020-06-14 07:00:31'),
(499, 5, 44, 9, 3, 0, 0, 1275, 120, 5, 0, 23, 17, 8, '2020-06-14 07:00:31', '2020-06-14 07:00:31'),
(500, 5, 45, 10, 15, 0, 0, 1708, 153, 3, 3, 6, 6, 6, '2020-06-14 07:00:31', '2020-06-14 07:00:31'),
(501, 5, 46, 1, 16, 0, 0, 1190, 187, 1, 1, 16, 32, 8, '2020-06-14 07:00:31', '2020-06-14 07:00:31'),
(502, 5, 47, 1, 40, 0, 0, 276, 94, 8, 7, 32, 27, 9, '2020-06-14 07:00:31', '2020-06-14 07:00:31'),
(503, 5, 48, 2, 18, 0, 0, 1138, 145, 4, 6, 36, 0, 9, '2020-06-14 07:00:31', '2020-06-14 07:00:31'),
(504, 5, 49, 6, 35, 0, 0, 1032, 121, 7, 7, 37, 8, 10, '2020-06-14 07:00:31', '2020-06-14 07:00:31'),
(505, 5, 50, 3, 25, 0, 0, 1149, 71, 9, 4, 28, 39, 0, '2020-06-14 07:00:31', '2020-06-14 07:00:31'),
(506, 5, 51, 2, 41, 0, 0, 1911, 97, 6, 8, 45, 20, 7, '2020-06-14 07:00:31', '2020-06-14 07:00:31'),
(507, 5, 52, 10, 14, 0, 0, 1064, 191, 6, 3, 24, 4, 0, '2020-06-14 07:00:31', '2020-06-14 07:00:31'),
(508, 5, 53, 10, 4, 0, 0, 578, 113, 4, 4, 48, 22, 7, '2020-06-14 07:00:31', '2020-06-14 07:00:31');
INSERT INTO `cricket_players_histories` (`id`, `cricket_series_id`, `cricket_players_id`, `matches`, `wickets`, `five_wickets`, `ten_wickets`, `runs`, `highest_score`, `fifties`, `hundreds`, `fours`, `sixes`, `duck`, `created_at`, `updated_at`) VALUES
(509, 5, 54, 5, 30, 0, 0, 845, 99, 0, 5, 36, 6, 5, '2020-06-14 07:00:31', '2020-06-14 07:00:31'),
(510, 5, 55, 3, 25, 0, 0, 1887, 53, 1, 9, 8, 5, 5, '2020-06-14 07:00:31', '2020-06-14 07:00:31'),
(511, 5, 56, 2, 37, 0, 0, 1918, 193, 3, 7, 43, 12, 5, '2020-06-14 07:00:31', '2020-06-14 07:00:31'),
(512, 5, 57, 10, 35, 0, 0, 1335, 133, 3, 6, 7, 22, 1, '2020-06-14 07:00:31', '2020-06-14 07:00:31'),
(513, 5, 58, 9, 46, 0, 0, 1287, 58, 4, 2, 45, 49, 2, '2020-06-14 07:00:31', '2020-06-14 07:00:31'),
(514, 5, 59, 4, 23, 0, 0, 1894, 110, 5, 1, 42, 17, 8, '2020-06-14 07:00:31', '2020-06-14 07:00:31'),
(515, 5, 60, 4, 6, 0, 0, 1115, 57, 6, 7, 2, 15, 3, '2020-06-14 07:00:31', '2020-06-14 07:00:31'),
(516, 5, 61, 4, 44, 0, 0, 924, 129, 7, 10, 30, 48, 5, '2020-06-14 07:00:31', '2020-06-14 07:00:31'),
(517, 5, 62, 1, 22, 0, 0, 1175, 115, 2, 3, 45, 42, 2, '2020-06-14 07:00:31', '2020-06-14 07:00:31'),
(518, 5, 63, 10, 2, 0, 0, 1989, 192, 7, 3, 9, 42, 2, '2020-06-14 07:00:31', '2020-06-14 07:00:31'),
(519, 5, 64, 4, 45, 0, 0, 770, 63, 1, 4, 28, 4, 5, '2020-06-14 07:00:31', '2020-06-14 07:00:31'),
(520, 5, 65, 7, 18, 0, 0, 734, 146, 2, 7, 31, 15, 7, '2020-06-14 07:00:31', '2020-06-14 07:00:31'),
(521, 5, 66, 6, 11, 0, 0, 554, 171, 1, 0, 31, 26, 7, '2020-06-14 07:00:31', '2020-06-14 07:00:31'),
(522, 5, 67, 2, 1, 0, 0, 1707, 161, 0, 1, 6, 7, 7, '2020-06-14 07:00:31', '2020-06-14 07:00:31'),
(523, 5, 68, 7, 1, 0, 0, 238, 194, 6, 0, 14, 19, 4, '2020-06-14 07:00:31', '2020-06-14 07:00:31'),
(524, 5, 69, 3, 30, 0, 0, 1833, 141, 4, 8, 28, 22, 9, '2020-06-14 07:00:31', '2020-06-14 07:00:31'),
(525, 5, 70, 9, 47, 0, 0, 445, 147, 1, 0, 29, 34, 9, '2020-06-14 07:00:31', '2020-06-14 07:00:31'),
(526, 5, 71, 3, 17, 0, 0, 1446, 142, 1, 2, 48, 18, 9, '2020-06-14 07:00:31', '2020-06-14 07:00:31'),
(527, 5, 72, 5, 44, 0, 0, 687, 69, 4, 7, 8, 0, 3, '2020-06-14 07:00:31', '2020-06-14 07:00:31'),
(528, 5, 73, 5, 41, 0, 0, 354, 175, 7, 10, 0, 3, 3, '2020-06-14 07:00:31', '2020-06-14 07:00:31'),
(529, 5, 74, 1, 39, 0, 0, 988, 120, 2, 0, 21, 33, 5, '2020-06-14 07:00:31', '2020-06-14 07:00:31'),
(530, 5, 75, 1, 30, 0, 0, 1979, 190, 1, 2, 9, 30, 5, '2020-06-14 07:00:31', '2020-06-14 07:00:31'),
(531, 5, 76, 10, 18, 0, 0, 1808, 161, 0, 7, 21, 14, 1, '2020-06-14 07:00:31', '2020-06-14 07:00:31'),
(532, 5, 77, 6, 44, 0, 0, 743, 50, 5, 3, 24, 30, 5, '2020-06-14 07:00:31', '2020-06-14 07:00:31'),
(533, 5, 78, 10, 35, 0, 0, 492, 169, 3, 2, 19, 33, 4, '2020-06-14 07:00:31', '2020-06-14 07:00:31'),
(534, 5, 79, 7, 33, 0, 0, 827, 132, 10, 4, 24, 4, 5, '2020-06-14 07:00:31', '2020-06-14 07:00:31'),
(535, 5, 80, 4, 40, 0, 0, 1529, 146, 3, 3, 10, 22, 2, '2020-06-14 07:00:31', '2020-06-14 07:00:31'),
(536, 5, 81, 4, 12, 0, 0, 1803, 95, 2, 7, 15, 16, 3, '2020-06-14 07:00:31', '2020-06-14 07:00:31'),
(537, 5, 82, 5, 13, 0, 0, 1871, 60, 0, 4, 24, 24, 10, '2020-06-14 07:00:31', '2020-06-14 07:00:31'),
(538, 5, 83, 5, 38, 0, 0, 411, 104, 3, 8, 38, 21, 10, '2020-06-14 07:00:31', '2020-06-14 07:00:31'),
(539, 5, 84, 3, 7, 0, 0, 229, 117, 10, 10, 16, 33, 0, '2020-06-14 07:00:31', '2020-06-14 07:00:31'),
(540, 5, 85, 7, 41, 0, 0, 461, 199, 1, 10, 14, 20, 9, '2020-06-14 07:00:31', '2020-06-14 07:00:31'),
(541, 5, 86, 9, 11, 0, 0, 705, 183, 7, 5, 23, 5, 0, '2020-06-14 07:00:31', '2020-06-14 07:00:31'),
(542, 5, 87, 4, 29, 0, 0, 1478, 190, 6, 8, 19, 40, 5, '2020-06-14 07:00:31', '2020-06-14 07:00:31'),
(543, 5, 88, 6, 10, 0, 0, 1173, 94, 5, 8, 29, 25, 3, '2020-06-14 07:00:31', '2020-06-14 07:00:31'),
(544, 5, 89, 3, 18, 0, 0, 1991, 153, 4, 9, 23, 30, 8, '2020-06-14 07:00:31', '2020-06-14 07:00:31'),
(545, 5, 90, 10, 31, 0, 0, 627, 154, 10, 9, 1, 32, 10, '2020-06-14 07:00:31', '2020-06-14 07:00:31'),
(546, 5, 91, 2, 23, 0, 0, 1506, 106, 2, 7, 49, 9, 3, '2020-06-14 07:00:31', '2020-06-14 07:00:31'),
(547, 5, 92, 6, 14, 0, 0, 1216, 188, 7, 6, 16, 42, 3, '2020-06-14 07:00:31', '2020-06-14 07:00:31'),
(548, 5, 93, 5, 47, 0, 0, 1522, 56, 0, 4, 15, 22, 9, '2020-06-14 07:00:31', '2020-06-14 07:00:31'),
(549, 5, 94, 3, 25, 0, 0, 1009, 54, 4, 8, 43, 29, 10, '2020-06-14 07:00:31', '2020-06-14 07:00:31'),
(550, 5, 95, 4, 16, 0, 0, 269, 83, 0, 1, 39, 42, 8, '2020-06-14 07:00:31', '2020-06-14 07:00:31'),
(551, 5, 96, 3, 7, 0, 0, 293, 90, 2, 9, 33, 30, 7, '2020-06-14 07:00:31', '2020-06-14 07:00:31'),
(552, 5, 97, 6, 49, 0, 0, 457, 169, 5, 9, 28, 3, 10, '2020-06-14 07:00:31', '2020-06-14 07:00:31'),
(553, 5, 98, 2, 36, 0, 0, 1010, 73, 0, 2, 31, 28, 10, '2020-06-14 07:00:31', '2020-06-14 07:00:31'),
(554, 5, 99, 8, 28, 0, 0, 1098, 103, 7, 4, 23, 11, 10, '2020-06-14 07:00:31', '2020-06-14 07:00:31'),
(555, 5, 100, 10, 42, 0, 0, 868, 142, 0, 3, 8, 46, 8, '2020-06-14 07:00:31', '2020-06-14 07:00:31'),
(556, 5, 101, 7, 4, 0, 0, 1625, 163, 1, 2, 7, 43, 10, '2020-06-14 07:00:31', '2020-06-14 07:00:31'),
(557, 5, 102, 2, 1, 0, 0, 284, 85, 2, 3, 1, 10, 4, '2020-06-14 07:00:31', '2020-06-14 07:00:31'),
(558, 5, 103, 10, 43, 0, 0, 1504, 60, 6, 0, 12, 3, 7, '2020-06-14 07:00:31', '2020-06-14 07:00:31'),
(559, 5, 104, 5, 28, 0, 0, 174, 106, 0, 2, 28, 16, 5, '2020-06-14 07:00:31', '2020-06-14 07:00:31'),
(560, 5, 105, 7, 47, 0, 0, 283, 190, 6, 8, 46, 35, 9, '2020-06-14 07:00:31', '2020-06-14 07:00:31'),
(561, 5, 106, 6, 1, 0, 0, 1321, 85, 3, 2, 43, 16, 9, '2020-06-14 07:00:31', '2020-06-14 07:00:31'),
(562, 5, 107, 4, 8, 0, 0, 1052, 98, 2, 10, 38, 22, 6, '2020-06-14 07:00:31', '2020-06-14 07:00:31'),
(563, 5, 108, 10, 2, 0, 0, 952, 66, 2, 8, 38, 31, 7, '2020-06-14 07:00:31', '2020-06-14 07:00:31'),
(564, 5, 109, 1, 8, 0, 0, 1762, 154, 3, 5, 16, 16, 3, '2020-06-14 07:00:31', '2020-06-14 07:00:31'),
(565, 5, 110, 6, 32, 0, 0, 782, 110, 10, 6, 13, 34, 8, '2020-06-14 07:00:31', '2020-06-14 07:00:31'),
(566, 5, 111, 5, 10, 0, 0, 1956, 141, 10, 4, 29, 24, 2, '2020-06-14 07:00:31', '2020-06-14 07:00:31'),
(567, 5, 112, 7, 21, 0, 0, 763, 189, 8, 6, 29, 16, 3, '2020-06-14 07:00:31', '2020-06-14 07:00:31'),
(568, 5, 113, 8, 26, 0, 0, 1426, 161, 3, 6, 28, 1, 3, '2020-06-14 07:00:31', '2020-06-14 07:00:31'),
(569, 5, 114, 8, 48, 0, 0, 968, 196, 7, 9, 46, 4, 3, '2020-06-14 07:00:31', '2020-06-14 07:00:31'),
(570, 5, 115, 10, 21, 0, 0, 852, 118, 0, 8, 16, 36, 2, '2020-06-14 07:00:31', '2020-06-14 07:00:31'),
(571, 5, 116, 5, 25, 0, 0, 221, 145, 3, 10, 32, 11, 7, '2020-06-14 07:00:31', '2020-06-14 07:00:31'),
(572, 5, 117, 8, 13, 0, 0, 307, 107, 0, 6, 22, 3, 0, '2020-06-14 07:00:31', '2020-06-14 07:00:31'),
(573, 5, 118, 8, 18, 0, 0, 1587, 134, 0, 2, 2, 41, 10, '2020-06-14 07:00:31', '2020-06-14 07:00:31'),
(574, 5, 119, 7, 31, 0, 0, 257, 188, 10, 6, 13, 27, 7, '2020-06-14 07:00:31', '2020-06-14 07:00:31'),
(575, 6, 1, 9, 4, 0, 0, 728, 94, 3, 1, 26, 26, 2, '2020-06-14 07:00:31', '2020-06-14 07:00:31'),
(576, 6, 2, 6, 19, 0, 0, 530, 189, 0, 1, 8, 30, 2, '2020-06-14 07:00:31', '2020-06-14 07:00:31'),
(577, 6, 3, 5, 4, 0, 0, 1383, 119, 1, 3, 23, 49, 4, '2020-06-14 07:00:31', '2020-06-14 07:00:31'),
(578, 6, 4, 9, 8, 0, 0, 1023, 57, 5, 10, 12, 2, 1, '2020-06-14 07:00:31', '2020-06-14 07:00:31'),
(579, 6, 5, 4, 29, 0, 0, 1002, 105, 8, 10, 19, 21, 0, '2020-06-14 07:00:31', '2020-06-14 07:00:31'),
(580, 6, 6, 3, 49, 0, 0, 1347, 143, 4, 7, 12, 48, 4, '2020-06-14 07:00:31', '2020-06-14 07:00:31'),
(581, 6, 7, 9, 25, 0, 0, 1163, 155, 8, 9, 35, 39, 3, '2020-06-14 07:00:31', '2020-06-14 07:00:31'),
(582, 6, 8, 6, 29, 0, 0, 1682, 117, 1, 10, 0, 42, 10, '2020-06-14 07:00:31', '2020-06-14 07:00:31'),
(583, 6, 9, 8, 50, 0, 0, 1785, 86, 7, 9, 28, 28, 10, '2020-06-14 07:00:31', '2020-06-14 07:00:31'),
(584, 6, 10, 4, 29, 0, 0, 592, 169, 9, 6, 4, 26, 4, '2020-06-14 07:00:31', '2020-06-14 07:00:31'),
(585, 6, 11, 10, 6, 0, 0, 1406, 164, 1, 5, 13, 49, 9, '2020-06-14 07:00:31', '2020-06-14 07:00:31'),
(586, 6, 12, 4, 23, 0, 0, 365, 131, 7, 3, 27, 45, 8, '2020-06-14 07:00:31', '2020-06-14 07:00:31'),
(587, 6, 13, 4, 9, 0, 0, 1543, 116, 8, 7, 20, 35, 0, '2020-06-14 07:00:31', '2020-06-14 07:00:31'),
(588, 6, 14, 4, 33, 0, 0, 223, 82, 6, 3, 25, 21, 3, '2020-06-14 07:00:31', '2020-06-14 07:00:31'),
(589, 6, 15, 2, 13, 0, 0, 1016, 51, 7, 5, 50, 33, 10, '2020-06-14 07:00:31', '2020-06-14 07:00:31'),
(590, 6, 16, 2, 45, 0, 0, 846, 152, 3, 0, 11, 44, 10, '2020-06-14 07:00:31', '2020-06-14 07:00:31'),
(591, 6, 17, 7, 30, 0, 0, 520, 197, 9, 1, 41, 28, 5, '2020-06-14 07:00:31', '2020-06-14 07:00:31'),
(592, 6, 18, 8, 9, 0, 0, 1489, 162, 4, 6, 27, 48, 0, '2020-06-14 07:00:31', '2020-06-14 07:00:31'),
(593, 6, 19, 5, 32, 0, 0, 1973, 133, 6, 3, 33, 47, 10, '2020-06-14 07:00:31', '2020-06-14 07:00:31'),
(594, 6, 20, 5, 8, 0, 0, 1124, 71, 4, 0, 22, 29, 4, '2020-06-14 07:00:31', '2020-06-14 07:00:31'),
(595, 6, 21, 8, 10, 0, 0, 1110, 69, 1, 1, 21, 6, 8, '2020-06-14 07:00:31', '2020-06-14 07:00:31'),
(596, 6, 22, 2, 29, 0, 0, 1908, 136, 1, 5, 17, 44, 0, '2020-06-14 07:00:31', '2020-06-14 07:00:31'),
(597, 6, 23, 6, 21, 0, 0, 1802, 122, 10, 1, 19, 18, 8, '2020-06-14 07:00:31', '2020-06-14 07:00:31'),
(598, 6, 24, 2, 2, 0, 0, 1606, 64, 6, 10, 38, 31, 1, '2020-06-14 07:00:31', '2020-06-14 07:00:31'),
(599, 6, 25, 4, 49, 0, 0, 1497, 168, 10, 6, 10, 25, 8, '2020-06-14 07:00:31', '2020-06-14 07:00:31'),
(600, 6, 26, 8, 17, 0, 0, 1609, 60, 6, 4, 7, 35, 10, '2020-06-14 07:00:31', '2020-06-14 07:00:31'),
(601, 6, 27, 4, 19, 0, 0, 571, 82, 3, 8, 14, 39, 0, '2020-06-14 07:00:31', '2020-06-14 07:00:31'),
(602, 6, 28, 1, 47, 0, 0, 1410, 97, 2, 2, 3, 7, 2, '2020-06-14 07:00:31', '2020-06-14 07:00:31'),
(603, 6, 29, 9, 20, 0, 0, 1704, 160, 0, 1, 22, 17, 9, '2020-06-14 07:00:31', '2020-06-14 07:00:31'),
(604, 6, 30, 7, 6, 0, 0, 792, 76, 6, 7, 31, 17, 9, '2020-06-14 07:00:31', '2020-06-14 07:00:31'),
(605, 6, 31, 6, 22, 0, 0, 1342, 196, 6, 10, 0, 5, 2, '2020-06-14 07:00:31', '2020-06-14 07:00:31'),
(606, 6, 32, 5, 36, 0, 0, 1592, 73, 0, 1, 23, 17, 4, '2020-06-14 07:00:31', '2020-06-14 07:00:31'),
(607, 6, 33, 7, 43, 0, 0, 1315, 182, 1, 4, 20, 45, 10, '2020-06-14 07:00:31', '2020-06-14 07:00:31'),
(608, 6, 34, 7, 43, 0, 0, 774, 132, 3, 9, 22, 18, 7, '2020-06-14 07:00:31', '2020-06-14 07:00:31'),
(609, 6, 35, 8, 13, 0, 0, 1703, 106, 10, 4, 20, 35, 5, '2020-06-14 07:00:31', '2020-06-14 07:00:31'),
(610, 6, 36, 1, 39, 0, 0, 1806, 55, 2, 2, 10, 5, 2, '2020-06-14 07:00:31', '2020-06-14 07:00:31'),
(611, 6, 37, 1, 37, 0, 0, 461, 147, 10, 1, 23, 46, 6, '2020-06-14 07:00:31', '2020-06-14 07:00:31'),
(612, 6, 38, 1, 7, 0, 0, 260, 150, 0, 3, 43, 38, 10, '2020-06-14 07:00:31', '2020-06-14 07:00:31'),
(613, 6, 39, 7, 6, 0, 0, 1061, 83, 10, 6, 39, 6, 4, '2020-06-14 07:00:31', '2020-06-14 07:00:31'),
(614, 6, 40, 2, 14, 0, 0, 960, 97, 8, 2, 38, 27, 1, '2020-06-14 07:00:31', '2020-06-14 07:00:31'),
(615, 6, 41, 4, 42, 0, 0, 990, 154, 5, 0, 23, 35, 0, '2020-06-14 07:00:31', '2020-06-14 07:00:31'),
(616, 6, 42, 7, 3, 0, 0, 282, 172, 2, 2, 50, 0, 7, '2020-06-14 07:00:31', '2020-06-14 07:00:31'),
(617, 6, 43, 10, 27, 0, 0, 1992, 129, 9, 3, 5, 27, 2, '2020-06-14 07:00:31', '2020-06-14 07:00:31'),
(618, 6, 44, 8, 3, 0, 0, 1088, 175, 0, 0, 36, 40, 1, '2020-06-14 07:00:31', '2020-06-14 07:00:31'),
(619, 6, 45, 6, 6, 0, 0, 886, 166, 0, 8, 26, 2, 6, '2020-06-14 07:00:31', '2020-06-14 07:00:31'),
(620, 6, 46, 4, 28, 0, 0, 1745, 189, 10, 10, 1, 1, 7, '2020-06-14 07:00:31', '2020-06-14 07:00:31'),
(621, 6, 47, 4, 35, 0, 0, 650, 106, 8, 8, 48, 39, 8, '2020-06-14 07:00:31', '2020-06-14 07:00:31'),
(622, 6, 48, 6, 8, 0, 0, 1581, 66, 8, 10, 29, 44, 4, '2020-06-14 07:00:31', '2020-06-14 07:00:31'),
(623, 6, 49, 1, 28, 0, 0, 1035, 134, 7, 4, 16, 27, 4, '2020-06-14 07:00:31', '2020-06-14 07:00:31'),
(624, 6, 50, 9, 47, 0, 0, 234, 95, 10, 4, 27, 9, 6, '2020-06-14 07:00:31', '2020-06-14 07:00:31'),
(625, 6, 51, 10, 46, 0, 0, 650, 61, 5, 4, 3, 5, 9, '2020-06-14 07:00:31', '2020-06-14 07:00:31'),
(626, 6, 52, 4, 46, 0, 0, 205, 86, 0, 2, 48, 40, 3, '2020-06-14 07:00:31', '2020-06-14 07:00:31'),
(627, 6, 53, 7, 36, 0, 0, 1230, 180, 10, 5, 24, 48, 1, '2020-06-14 07:00:31', '2020-06-14 07:00:31'),
(628, 6, 54, 7, 25, 0, 0, 564, 171, 4, 5, 40, 8, 1, '2020-06-14 07:00:31', '2020-06-14 07:00:31'),
(629, 6, 55, 2, 28, 0, 0, 1618, 65, 9, 10, 23, 17, 10, '2020-06-14 07:00:31', '2020-06-14 07:00:31'),
(630, 6, 56, 6, 43, 0, 0, 352, 75, 6, 6, 42, 19, 7, '2020-06-14 07:00:31', '2020-06-14 07:00:31'),
(631, 6, 57, 5, 1, 0, 0, 885, 113, 4, 3, 47, 39, 10, '2020-06-14 07:00:31', '2020-06-14 07:00:31'),
(632, 6, 58, 2, 20, 0, 0, 1110, 138, 0, 4, 42, 32, 9, '2020-06-14 07:00:31', '2020-06-14 07:00:31'),
(633, 6, 59, 3, 29, 0, 0, 1597, 180, 4, 9, 34, 0, 5, '2020-06-14 07:00:31', '2020-06-14 07:00:31'),
(634, 6, 60, 5, 42, 0, 0, 735, 91, 1, 10, 48, 27, 1, '2020-06-14 07:00:31', '2020-06-14 07:00:31'),
(635, 6, 61, 8, 15, 0, 0, 451, 120, 9, 2, 46, 9, 6, '2020-06-14 07:00:31', '2020-06-14 07:00:31'),
(636, 6, 62, 3, 29, 0, 0, 344, 69, 8, 9, 38, 14, 4, '2020-06-14 07:00:31', '2020-06-14 07:00:31'),
(637, 6, 63, 9, 3, 0, 0, 1554, 152, 10, 4, 17, 25, 0, '2020-06-14 07:00:31', '2020-06-14 07:00:31'),
(638, 6, 64, 3, 10, 0, 0, 376, 193, 5, 4, 47, 43, 6, '2020-06-14 07:00:31', '2020-06-14 07:00:31'),
(639, 6, 65, 3, 29, 0, 0, 1599, 111, 0, 1, 18, 10, 5, '2020-06-14 07:00:31', '2020-06-14 07:00:31'),
(640, 6, 66, 1, 41, 0, 0, 1004, 194, 1, 9, 7, 18, 6, '2020-06-14 07:00:31', '2020-06-14 07:00:31'),
(641, 6, 67, 6, 26, 0, 0, 1697, 133, 2, 4, 18, 46, 2, '2020-06-14 07:00:31', '2020-06-14 07:00:31'),
(642, 6, 68, 5, 36, 0, 0, 336, 113, 8, 9, 32, 38, 9, '2020-06-14 07:00:31', '2020-06-14 07:00:31'),
(643, 6, 69, 10, 10, 0, 0, 1061, 117, 0, 10, 17, 47, 1, '2020-06-14 07:00:31', '2020-06-14 07:00:31'),
(644, 6, 70, 7, 43, 0, 0, 174, 111, 10, 7, 46, 6, 2, '2020-06-14 07:00:31', '2020-06-14 07:00:31'),
(645, 6, 71, 4, 27, 0, 0, 1810, 145, 9, 2, 19, 17, 9, '2020-06-14 07:00:31', '2020-06-14 07:00:31'),
(646, 6, 72, 6, 37, 0, 0, 522, 167, 7, 0, 6, 44, 7, '2020-06-14 07:00:31', '2020-06-14 07:00:31'),
(647, 6, 73, 7, 35, 0, 0, 1153, 103, 1, 10, 17, 25, 2, '2020-06-14 07:00:31', '2020-06-14 07:00:31'),
(648, 6, 74, 1, 42, 0, 0, 873, 139, 9, 4, 35, 48, 5, '2020-06-14 07:00:31', '2020-06-14 07:00:31'),
(649, 6, 75, 5, 2, 0, 0, 819, 117, 2, 4, 36, 37, 8, '2020-06-14 07:00:31', '2020-06-14 07:00:31'),
(650, 6, 76, 8, 33, 0, 0, 442, 197, 9, 3, 37, 46, 4, '2020-06-14 07:00:31', '2020-06-14 07:00:31'),
(651, 6, 77, 2, 27, 0, 0, 1512, 105, 1, 7, 10, 2, 10, '2020-06-14 07:00:31', '2020-06-14 07:00:31'),
(652, 6, 78, 1, 1, 0, 0, 939, 192, 0, 8, 36, 21, 9, '2020-06-14 07:00:31', '2020-06-14 07:00:31'),
(653, 6, 79, 2, 47, 0, 0, 1810, 155, 1, 10, 21, 27, 6, '2020-06-14 07:00:31', '2020-06-14 07:00:31'),
(654, 6, 80, 6, 7, 0, 0, 167, 80, 4, 2, 2, 22, 7, '2020-06-14 07:00:31', '2020-06-14 07:00:31'),
(655, 6, 81, 1, 19, 0, 0, 1863, 171, 8, 3, 26, 12, 7, '2020-06-14 07:00:31', '2020-06-14 07:00:31'),
(656, 6, 82, 5, 29, 0, 0, 1043, 99, 7, 0, 27, 24, 2, '2020-06-14 07:00:31', '2020-06-14 07:00:31'),
(657, 6, 83, 5, 36, 0, 0, 1011, 62, 5, 1, 25, 50, 0, '2020-06-14 07:00:31', '2020-06-14 07:00:31'),
(658, 6, 84, 10, 12, 0, 0, 1885, 193, 9, 8, 28, 1, 2, '2020-06-14 07:00:31', '2020-06-14 07:00:31'),
(659, 6, 85, 5, 14, 0, 0, 384, 176, 5, 3, 47, 28, 5, '2020-06-14 07:00:31', '2020-06-14 07:00:31'),
(660, 6, 86, 1, 36, 0, 0, 569, 77, 4, 7, 44, 25, 7, '2020-06-14 07:00:31', '2020-06-14 07:00:31'),
(661, 6, 87, 8, 30, 0, 0, 855, 86, 4, 4, 36, 28, 2, '2020-06-14 07:00:31', '2020-06-14 07:00:31'),
(662, 6, 88, 5, 33, 0, 0, 1679, 65, 10, 9, 28, 24, 10, '2020-06-14 07:00:31', '2020-06-14 07:00:31'),
(663, 6, 89, 2, 6, 0, 0, 1392, 78, 6, 10, 13, 23, 2, '2020-06-14 07:00:31', '2020-06-14 07:00:31'),
(664, 6, 90, 1, 4, 0, 0, 186, 149, 2, 2, 50, 14, 8, '2020-06-14 07:00:31', '2020-06-14 07:00:31'),
(665, 6, 91, 3, 16, 0, 0, 1413, 182, 2, 8, 41, 11, 8, '2020-06-14 07:00:31', '2020-06-14 07:00:31'),
(666, 6, 92, 3, 36, 0, 0, 653, 62, 10, 1, 27, 46, 5, '2020-06-14 07:00:31', '2020-06-14 07:00:31'),
(667, 6, 93, 1, 39, 0, 0, 1786, 171, 8, 1, 22, 38, 8, '2020-06-14 07:00:31', '2020-06-14 07:00:31'),
(668, 6, 94, 10, 35, 0, 0, 1187, 183, 10, 9, 1, 7, 8, '2020-06-14 07:00:31', '2020-06-14 07:00:31'),
(669, 6, 95, 2, 13, 0, 0, 251, 165, 6, 1, 24, 27, 7, '2020-06-14 07:00:31', '2020-06-14 07:00:31'),
(670, 6, 96, 3, 38, 0, 0, 170, 83, 6, 5, 19, 44, 0, '2020-06-14 07:00:31', '2020-06-14 07:00:31'),
(671, 6, 97, 8, 18, 0, 0, 1501, 182, 6, 9, 36, 7, 9, '2020-06-14 07:00:31', '2020-06-14 07:00:31'),
(672, 6, 98, 2, 45, 0, 0, 531, 157, 2, 8, 47, 40, 3, '2020-06-14 07:00:31', '2020-06-14 07:00:31'),
(673, 6, 99, 3, 18, 0, 0, 381, 122, 9, 3, 41, 21, 3, '2020-06-14 07:00:31', '2020-06-14 07:00:31'),
(674, 6, 100, 2, 41, 0, 0, 230, 69, 2, 3, 2, 19, 10, '2020-06-14 07:00:31', '2020-06-14 07:00:31'),
(675, 6, 101, 2, 49, 0, 0, 632, 169, 2, 4, 3, 23, 10, '2020-06-14 07:00:31', '2020-06-14 07:00:31'),
(676, 6, 102, 5, 23, 0, 0, 632, 90, 9, 6, 25, 13, 2, '2020-06-14 07:00:31', '2020-06-14 07:00:31'),
(677, 6, 103, 10, 17, 0, 0, 182, 173, 9, 3, 7, 45, 7, '2020-06-14 07:00:31', '2020-06-14 07:00:31'),
(678, 6, 104, 5, 9, 0, 0, 1039, 100, 9, 5, 44, 36, 8, '2020-06-14 07:00:31', '2020-06-14 07:00:31'),
(679, 6, 105, 4, 29, 0, 0, 340, 168, 8, 5, 8, 40, 2, '2020-06-14 07:00:31', '2020-06-14 07:00:31'),
(680, 6, 106, 10, 26, 0, 0, 1207, 144, 2, 9, 39, 2, 7, '2020-06-14 07:00:31', '2020-06-14 07:00:31'),
(681, 6, 107, 7, 16, 0, 0, 394, 134, 1, 2, 49, 20, 3, '2020-06-14 07:00:31', '2020-06-14 07:00:31'),
(682, 6, 108, 6, 40, 0, 0, 728, 141, 0, 4, 49, 21, 0, '2020-06-14 07:00:31', '2020-06-14 07:00:31'),
(683, 6, 109, 9, 49, 0, 0, 645, 174, 9, 3, 15, 28, 1, '2020-06-14 07:00:31', '2020-06-14 07:00:31'),
(684, 6, 110, 6, 7, 0, 0, 1796, 182, 8, 6, 3, 49, 4, '2020-06-14 07:00:31', '2020-06-14 07:00:31'),
(685, 6, 111, 8, 4, 0, 0, 524, 109, 7, 1, 8, 8, 4, '2020-06-14 07:00:31', '2020-06-14 07:00:31'),
(686, 6, 112, 7, 26, 0, 0, 1012, 96, 2, 10, 32, 33, 3, '2020-06-14 07:00:31', '2020-06-14 07:00:31'),
(687, 6, 113, 2, 44, 0, 0, 1703, 187, 0, 10, 18, 34, 2, '2020-06-14 07:00:31', '2020-06-14 07:00:31'),
(688, 6, 114, 9, 11, 0, 0, 354, 104, 2, 8, 46, 50, 8, '2020-06-14 07:00:31', '2020-06-14 07:00:31'),
(689, 6, 115, 9, 41, 0, 0, 433, 192, 8, 3, 50, 19, 4, '2020-06-14 07:00:31', '2020-06-14 07:00:31'),
(690, 6, 116, 5, 4, 0, 0, 536, 153, 8, 8, 4, 48, 10, '2020-06-14 07:00:31', '2020-06-14 07:00:31'),
(691, 6, 117, 1, 19, 0, 0, 773, 142, 5, 5, 12, 21, 4, '2020-06-14 07:00:31', '2020-06-14 07:00:31'),
(692, 6, 118, 3, 20, 0, 0, 1881, 70, 10, 4, 44, 48, 10, '2020-06-14 07:00:31', '2020-06-14 07:00:31'),
(693, 6, 119, 10, 7, 0, 0, 668, 173, 1, 2, 12, 19, 5, '2020-06-14 07:00:31', '2020-06-14 07:00:31'),
(694, 6, 120, 10, 33, 0, 0, 1358, 50, 0, 9, 20, 8, 10, '2020-06-14 07:00:31', '2020-06-14 07:00:31'),
(695, 6, 121, 10, 44, 0, 0, 1230, 86, 10, 7, 23, 2, 2, '2020-06-14 07:00:31', '2020-06-14 07:00:31'),
(696, 6, 122, 2, 8, 0, 0, 1980, 197, 3, 3, 24, 17, 0, '2020-06-14 07:00:31', '2020-06-14 07:00:31'),
(697, 6, 123, 4, 16, 0, 0, 815, 144, 6, 4, 13, 27, 7, '2020-06-14 07:00:31', '2020-06-14 07:00:31'),
(698, 6, 124, 1, 24, 0, 0, 1589, 175, 7, 9, 46, 30, 4, '2020-06-14 07:00:31', '2020-06-14 07:00:31'),
(699, 6, 125, 9, 12, 0, 0, 497, 172, 3, 1, 28, 47, 6, '2020-06-14 07:00:31', '2020-06-14 07:00:31'),
(700, 6, 126, 9, 4, 0, 0, 1254, 142, 7, 8, 47, 45, 10, '2020-06-14 07:00:31', '2020-06-14 07:00:31'),
(701, 6, 127, 6, 19, 0, 0, 1503, 179, 8, 10, 3, 47, 2, '2020-06-14 07:00:31', '2020-06-14 07:00:31'),
(702, 6, 128, 3, 43, 0, 0, 291, 101, 3, 1, 45, 35, 4, '2020-06-14 07:00:31', '2020-06-14 07:00:31'),
(703, 6, 129, 7, 5, 0, 0, 1234, 130, 1, 7, 4, 13, 3, '2020-06-14 07:00:31', '2020-06-14 07:00:31'),
(704, 6, 130, 7, 26, 0, 0, 1734, 67, 4, 9, 20, 25, 8, '2020-06-14 07:00:31', '2020-06-14 07:00:31'),
(705, 6, 131, 9, 6, 0, 0, 1777, 110, 9, 9, 25, 41, 7, '2020-06-14 07:00:31', '2020-06-14 07:00:31'),
(706, 6, 132, 2, 38, 0, 0, 263, 83, 0, 7, 30, 3, 5, '2020-06-14 07:00:31', '2020-06-14 07:00:31'),
(707, 6, 133, 1, 5, 0, 0, 317, 160, 2, 7, 32, 31, 10, '2020-06-14 07:00:31', '2020-06-14 07:00:31'),
(708, 6, 134, 7, 3, 0, 0, 981, 132, 6, 4, 20, 17, 8, '2020-06-14 07:00:31', '2020-06-14 07:00:31'),
(709, 7, 1, 7, 14, 0, 0, 1886, 182, 8, 7, 11, 15, 6, '2020-06-14 07:00:31', '2020-06-14 07:00:31'),
(710, 7, 2, 10, 24, 0, 0, 1745, 186, 2, 2, 17, 18, 6, '2020-06-14 07:00:31', '2020-06-14 07:00:31'),
(711, 7, 3, 8, 44, 0, 0, 1305, 90, 5, 0, 8, 14, 1, '2020-06-14 07:00:31', '2020-06-14 07:00:31'),
(712, 7, 4, 6, 43, 0, 0, 138, 124, 1, 9, 31, 30, 2, '2020-06-14 07:00:31', '2020-06-14 07:00:31'),
(713, 7, 5, 3, 44, 0, 0, 1054, 169, 6, 8, 36, 50, 10, '2020-06-14 07:00:31', '2020-06-14 07:00:31'),
(714, 7, 6, 8, 9, 0, 0, 785, 126, 9, 3, 40, 19, 3, '2020-06-14 07:00:31', '2020-06-14 07:00:31'),
(715, 7, 7, 8, 41, 0, 0, 432, 102, 7, 7, 20, 28, 9, '2020-06-14 07:00:31', '2020-06-14 07:00:31'),
(716, 7, 8, 8, 45, 0, 0, 635, 68, 9, 8, 1, 4, 2, '2020-06-14 07:00:31', '2020-06-14 07:00:31'),
(717, 7, 9, 1, 49, 0, 0, 660, 128, 2, 5, 4, 38, 4, '2020-06-14 07:00:31', '2020-06-14 07:00:31'),
(718, 7, 10, 5, 17, 0, 0, 766, 188, 5, 6, 41, 41, 6, '2020-06-14 07:00:31', '2020-06-14 07:00:31'),
(719, 7, 11, 9, 39, 0, 0, 144, 126, 0, 3, 50, 38, 0, '2020-06-14 07:00:31', '2020-06-14 07:00:31'),
(720, 7, 12, 7, 20, 0, 0, 1105, 172, 1, 0, 40, 38, 9, '2020-06-14 07:00:31', '2020-06-14 07:00:31'),
(721, 7, 13, 7, 5, 0, 0, 648, 101, 9, 9, 37, 11, 0, '2020-06-14 07:00:31', '2020-06-14 07:00:31'),
(722, 7, 14, 9, 41, 0, 0, 1346, 55, 0, 8, 43, 26, 7, '2020-06-14 07:00:31', '2020-06-14 07:00:31'),
(723, 7, 15, 4, 35, 0, 0, 249, 77, 4, 1, 20, 50, 5, '2020-06-14 07:00:31', '2020-06-14 07:00:31'),
(724, 7, 16, 4, 43, 0, 0, 312, 179, 9, 7, 48, 36, 10, '2020-06-14 07:00:31', '2020-06-14 07:00:31'),
(725, 7, 17, 2, 30, 0, 0, 1960, 182, 0, 0, 50, 46, 2, '2020-06-14 07:00:31', '2020-06-14 07:00:31'),
(726, 7, 18, 8, 23, 0, 0, 919, 96, 6, 9, 32, 12, 1, '2020-06-14 07:00:31', '2020-06-14 07:00:31'),
(727, 7, 19, 7, 34, 0, 0, 303, 114, 6, 7, 7, 19, 4, '2020-06-14 07:00:31', '2020-06-14 07:00:31'),
(728, 7, 20, 8, 44, 0, 0, 1331, 164, 8, 10, 15, 18, 6, '2020-06-14 07:00:31', '2020-06-14 07:00:31'),
(729, 7, 21, 3, 3, 0, 0, 339, 182, 3, 9, 17, 8, 8, '2020-06-14 07:00:31', '2020-06-14 07:00:31'),
(730, 7, 22, 5, 4, 0, 0, 1560, 93, 8, 1, 39, 27, 6, '2020-06-14 07:00:31', '2020-06-14 07:00:31'),
(731, 7, 23, 5, 49, 0, 0, 1549, 174, 5, 10, 29, 19, 0, '2020-06-14 07:00:31', '2020-06-14 07:00:31'),
(732, 7, 24, 1, 26, 0, 0, 1143, 116, 9, 0, 13, 8, 8, '2020-06-14 07:00:31', '2020-06-14 07:00:31'),
(733, 7, 25, 2, 8, 0, 0, 306, 192, 9, 10, 16, 18, 9, '2020-06-14 07:00:31', '2020-06-14 07:00:31'),
(734, 7, 26, 9, 50, 0, 0, 875, 72, 10, 3, 40, 47, 3, '2020-06-14 07:00:31', '2020-06-14 07:00:31'),
(735, 7, 27, 1, 3, 0, 0, 1630, 73, 0, 3, 11, 13, 9, '2020-06-14 07:00:31', '2020-06-14 07:00:31'),
(736, 7, 28, 10, 38, 0, 0, 570, 51, 9, 8, 37, 37, 8, '2020-06-14 07:00:31', '2020-06-14 07:00:31'),
(737, 7, 29, 6, 9, 0, 0, 1625, 177, 1, 7, 15, 40, 5, '2020-06-14 07:00:31', '2020-06-14 07:00:31'),
(738, 7, 30, 5, 28, 0, 0, 373, 119, 2, 10, 17, 14, 0, '2020-06-14 07:00:31', '2020-06-14 07:00:31'),
(739, 7, 31, 6, 42, 0, 0, 1764, 124, 3, 4, 43, 18, 2, '2020-06-14 07:00:31', '2020-06-14 07:00:31'),
(740, 7, 32, 1, 7, 0, 0, 1912, 179, 3, 10, 41, 7, 3, '2020-06-14 07:00:31', '2020-06-14 07:00:31'),
(741, 7, 33, 7, 10, 0, 0, 578, 69, 9, 2, 44, 31, 8, '2020-06-14 07:00:31', '2020-06-14 07:00:31'),
(742, 7, 34, 2, 16, 0, 0, 138, 88, 4, 1, 39, 15, 10, '2020-06-14 07:00:31', '2020-06-14 07:00:31'),
(743, 7, 35, 9, 48, 0, 0, 1430, 185, 2, 3, 14, 28, 2, '2020-06-14 07:00:31', '2020-06-14 07:00:31'),
(744, 7, 36, 9, 24, 0, 0, 603, 167, 4, 9, 27, 0, 10, '2020-06-14 07:00:31', '2020-06-14 07:00:31'),
(745, 7, 37, 6, 48, 0, 0, 903, 129, 4, 4, 23, 23, 0, '2020-06-14 07:00:31', '2020-06-14 07:00:31'),
(746, 7, 38, 9, 47, 0, 0, 1279, 194, 10, 7, 25, 0, 5, '2020-06-14 07:00:31', '2020-06-14 07:00:31'),
(747, 7, 39, 1, 20, 0, 0, 1620, 139, 6, 3, 21, 27, 3, '2020-06-14 07:00:31', '2020-06-14 07:00:31'),
(748, 7, 40, 7, 43, 0, 0, 523, 153, 5, 5, 13, 31, 0, '2020-06-14 07:00:31', '2020-06-14 07:00:31'),
(749, 7, 41, 2, 7, 0, 0, 1785, 57, 5, 6, 27, 44, 6, '2020-06-14 07:00:31', '2020-06-14 07:00:31'),
(750, 7, 42, 9, 17, 0, 0, 1633, 65, 1, 10, 9, 27, 10, '2020-06-14 07:00:31', '2020-06-14 07:00:31'),
(751, 7, 43, 4, 12, 0, 0, 749, 71, 0, 6, 3, 39, 6, '2020-06-14 07:00:31', '2020-06-14 07:00:31'),
(752, 7, 44, 2, 37, 0, 0, 1761, 193, 7, 1, 35, 9, 5, '2020-06-14 07:00:31', '2020-06-14 07:00:31'),
(753, 7, 45, 3, 21, 0, 0, 1754, 89, 3, 7, 1, 42, 2, '2020-06-14 07:00:31', '2020-06-14 07:00:31'),
(754, 7, 46, 6, 42, 0, 0, 1338, 121, 8, 3, 3, 23, 9, '2020-06-14 07:00:31', '2020-06-14 07:00:31'),
(755, 7, 47, 8, 46, 0, 0, 102, 131, 4, 0, 50, 18, 5, '2020-06-14 07:00:31', '2020-06-14 07:00:31'),
(756, 7, 48, 6, 34, 0, 0, 1059, 92, 3, 1, 15, 19, 1, '2020-06-14 07:00:31', '2020-06-14 07:00:31'),
(757, 7, 49, 8, 12, 0, 0, 551, 182, 5, 4, 42, 11, 7, '2020-06-14 07:00:31', '2020-06-14 07:00:31'),
(758, 7, 50, 5, 50, 0, 0, 1930, 54, 4, 9, 34, 0, 3, '2020-06-14 07:00:31', '2020-06-14 07:00:31'),
(759, 7, 51, 2, 44, 0, 0, 107, 134, 4, 2, 20, 4, 1, '2020-06-14 07:00:31', '2020-06-14 07:00:31'),
(760, 7, 52, 7, 15, 0, 0, 339, 123, 1, 0, 11, 21, 9, '2020-06-14 07:00:31', '2020-06-14 07:00:31'),
(761, 7, 53, 6, 48, 0, 0, 796, 167, 10, 6, 21, 21, 1, '2020-06-14 07:00:31', '2020-06-14 07:00:31'),
(762, 7, 54, 5, 25, 0, 0, 183, 126, 6, 3, 35, 35, 1, '2020-06-14 07:00:31', '2020-06-14 07:00:31'),
(763, 7, 55, 2, 19, 0, 0, 1312, 129, 0, 1, 34, 17, 7, '2020-06-14 07:00:31', '2020-06-14 07:00:31'),
(764, 7, 56, 4, 1, 0, 0, 1312, 148, 7, 7, 2, 42, 2, '2020-06-14 07:00:31', '2020-06-14 07:00:31'),
(765, 7, 57, 9, 23, 0, 0, 1853, 111, 5, 2, 22, 9, 9, '2020-06-14 07:00:31', '2020-06-14 07:00:31'),
(766, 7, 58, 4, 26, 0, 0, 940, 116, 1, 4, 16, 28, 9, '2020-06-14 07:00:31', '2020-06-14 07:00:31'),
(767, 7, 59, 9, 13, 0, 0, 147, 64, 7, 1, 17, 6, 8, '2020-06-14 07:00:31', '2020-06-14 07:00:31'),
(768, 7, 60, 4, 29, 0, 0, 1504, 63, 1, 2, 11, 48, 5, '2020-06-14 07:00:31', '2020-06-14 07:00:31'),
(769, 7, 61, 7, 50, 0, 0, 1165, 98, 7, 6, 38, 48, 4, '2020-06-14 07:00:31', '2020-06-14 07:00:31'),
(770, 7, 62, 10, 7, 0, 0, 101, 159, 10, 3, 2, 2, 5, '2020-06-14 07:00:31', '2020-06-14 07:00:31'),
(771, 7, 63, 8, 26, 0, 0, 669, 144, 1, 0, 17, 40, 4, '2020-06-14 07:00:31', '2020-06-14 07:00:31'),
(772, 7, 64, 3, 39, 0, 0, 1392, 169, 1, 4, 9, 29, 6, '2020-06-14 07:00:31', '2020-06-14 07:00:31'),
(773, 7, 65, 9, 34, 0, 0, 1034, 88, 5, 1, 26, 13, 3, '2020-06-14 07:00:31', '2020-06-14 07:00:31'),
(774, 7, 66, 5, 10, 0, 0, 717, 159, 7, 1, 35, 20, 10, '2020-06-14 07:00:31', '2020-06-14 07:00:31'),
(775, 7, 67, 5, 13, 0, 0, 1245, 76, 6, 6, 44, 25, 10, '2020-06-14 07:00:31', '2020-06-14 07:00:31'),
(776, 7, 68, 5, 28, 0, 0, 1823, 192, 3, 0, 36, 36, 10, '2020-06-14 07:00:31', '2020-06-14 07:00:31'),
(777, 7, 69, 8, 43, 0, 0, 1924, 66, 5, 3, 49, 39, 4, '2020-06-14 07:00:31', '2020-06-14 07:00:31'),
(778, 7, 70, 10, 49, 0, 0, 1993, 76, 1, 3, 35, 14, 3, '2020-06-14 07:00:31', '2020-06-14 07:00:31'),
(779, 7, 71, 2, 11, 0, 0, 679, 174, 0, 8, 33, 27, 3, '2020-06-14 07:00:31', '2020-06-14 07:00:31'),
(780, 7, 72, 1, 17, 0, 0, 326, 119, 8, 4, 48, 42, 8, '2020-06-14 07:00:31', '2020-06-14 07:00:31'),
(781, 7, 73, 3, 30, 0, 0, 863, 110, 9, 4, 23, 33, 3, '2020-06-14 07:00:31', '2020-06-14 07:00:31'),
(782, 7, 74, 2, 38, 0, 0, 144, 96, 3, 6, 20, 30, 3, '2020-06-14 07:00:31', '2020-06-14 07:00:31'),
(783, 7, 75, 2, 42, 0, 0, 1448, 194, 1, 3, 34, 18, 3, '2020-06-14 07:00:31', '2020-06-14 07:00:31'),
(784, 7, 76, 2, 7, 0, 0, 1262, 63, 7, 8, 49, 23, 2, '2020-06-14 07:00:31', '2020-06-14 07:00:31'),
(785, 7, 77, 5, 24, 0, 0, 1888, 105, 6, 10, 19, 18, 4, '2020-06-14 07:00:31', '2020-06-14 07:00:31'),
(786, 7, 78, 1, 18, 0, 0, 533, 162, 2, 8, 49, 19, 9, '2020-06-14 07:00:31', '2020-06-14 07:00:31'),
(787, 7, 79, 1, 50, 0, 0, 300, 148, 4, 2, 30, 11, 7, '2020-06-14 07:00:31', '2020-06-14 07:00:31'),
(788, 7, 80, 9, 35, 0, 0, 1717, 192, 3, 7, 19, 17, 2, '2020-06-14 07:00:31', '2020-06-14 07:00:31'),
(789, 7, 81, 5, 41, 0, 0, 1044, 72, 2, 9, 36, 9, 10, '2020-06-14 07:00:31', '2020-06-14 07:00:31'),
(790, 7, 82, 2, 28, 0, 0, 665, 61, 6, 3, 49, 31, 9, '2020-06-14 07:00:31', '2020-06-14 07:00:31'),
(791, 7, 83, 7, 29, 0, 0, 752, 150, 6, 7, 8, 25, 7, '2020-06-14 07:00:31', '2020-06-14 07:00:31'),
(792, 8, 1, 6, 21, 0, 0, 1538, 182, 10, 6, 21, 11, 7, '2020-06-14 07:00:31', '2020-06-14 07:00:31'),
(793, 8, 2, 8, 6, 0, 0, 1602, 197, 0, 0, 16, 48, 3, '2020-06-14 07:00:31', '2020-06-14 07:00:31'),
(794, 8, 3, 4, 41, 0, 0, 910, 118, 0, 7, 49, 23, 4, '2020-06-14 07:00:31', '2020-06-14 07:00:31'),
(795, 8, 4, 2, 3, 0, 0, 940, 72, 8, 4, 12, 42, 0, '2020-06-14 07:00:31', '2020-06-14 07:00:31'),
(796, 8, 5, 7, 10, 0, 0, 1661, 171, 4, 8, 34, 6, 9, '2020-06-14 07:00:31', '2020-06-14 07:00:31'),
(797, 8, 6, 9, 47, 0, 0, 1255, 165, 6, 5, 8, 50, 6, '2020-06-14 07:00:31', '2020-06-14 07:00:31'),
(798, 8, 7, 2, 12, 0, 0, 1224, 147, 9, 9, 40, 39, 1, '2020-06-14 07:00:31', '2020-06-14 07:00:31'),
(799, 8, 8, 9, 3, 0, 0, 1942, 82, 4, 10, 45, 3, 1, '2020-06-14 07:00:31', '2020-06-14 07:00:31'),
(800, 8, 9, 7, 4, 0, 0, 468, 93, 9, 8, 2, 36, 9, '2020-06-14 07:00:31', '2020-06-14 07:00:31'),
(801, 8, 10, 1, 29, 0, 0, 518, 146, 6, 3, 47, 17, 3, '2020-06-14 07:00:31', '2020-06-14 07:00:31'),
(802, 8, 11, 4, 15, 0, 0, 410, 57, 9, 10, 49, 37, 3, '2020-06-14 07:00:31', '2020-06-14 07:00:31'),
(803, 8, 12, 9, 27, 0, 0, 547, 89, 0, 4, 46, 6, 8, '2020-06-14 07:00:31', '2020-06-14 07:00:31'),
(804, 8, 13, 10, 15, 0, 0, 261, 174, 0, 1, 17, 27, 1, '2020-06-14 07:00:31', '2020-06-14 07:00:31'),
(805, 8, 14, 4, 38, 0, 0, 1908, 163, 7, 2, 34, 0, 4, '2020-06-14 07:00:31', '2020-06-14 07:00:31'),
(806, 8, 15, 4, 32, 0, 0, 425, 129, 7, 2, 0, 41, 7, '2020-06-14 07:00:31', '2020-06-14 07:00:31'),
(807, 8, 16, 10, 44, 0, 0, 1040, 83, 4, 0, 46, 23, 5, '2020-06-14 07:00:31', '2020-06-14 07:00:31'),
(808, 8, 17, 10, 42, 0, 0, 571, 129, 3, 1, 7, 4, 4, '2020-06-14 07:00:31', '2020-06-14 07:00:31'),
(809, 8, 18, 7, 45, 0, 0, 1459, 160, 10, 0, 17, 50, 4, '2020-06-14 07:00:31', '2020-06-14 07:00:31'),
(810, 8, 19, 9, 41, 0, 0, 1111, 107, 6, 5, 49, 37, 3, '2020-06-14 07:00:31', '2020-06-14 07:00:31'),
(811, 8, 20, 1, 41, 0, 0, 887, 133, 0, 0, 5, 19, 5, '2020-06-14 07:00:31', '2020-06-14 07:00:31'),
(812, 8, 21, 3, 14, 0, 0, 109, 159, 9, 3, 34, 13, 6, '2020-06-14 07:00:31', '2020-06-14 07:00:31'),
(813, 8, 22, 5, 39, 0, 0, 1254, 177, 5, 6, 3, 10, 1, '2020-06-14 07:00:31', '2020-06-14 07:00:31'),
(814, 8, 23, 1, 4, 0, 0, 168, 157, 7, 9, 27, 12, 8, '2020-06-14 07:00:31', '2020-06-14 07:00:31'),
(815, 8, 24, 10, 11, 0, 0, 940, 195, 5, 0, 32, 24, 2, '2020-06-14 07:00:31', '2020-06-14 07:00:31'),
(816, 8, 25, 7, 21, 0, 0, 1574, 113, 2, 1, 46, 35, 8, '2020-06-14 07:00:31', '2020-06-14 07:00:31'),
(817, 8, 26, 5, 41, 0, 0, 256, 122, 0, 6, 22, 5, 0, '2020-06-14 07:00:31', '2020-06-14 07:00:31'),
(818, 8, 27, 10, 1, 0, 0, 312, 52, 9, 8, 5, 6, 7, '2020-06-14 07:00:31', '2020-06-14 07:00:31'),
(819, 8, 28, 3, 6, 0, 0, 1090, 52, 10, 3, 14, 24, 6, '2020-06-14 07:00:31', '2020-06-14 07:00:31'),
(820, 8, 29, 9, 50, 0, 0, 625, 122, 1, 5, 34, 12, 9, '2020-06-14 07:00:31', '2020-06-14 07:00:31'),
(821, 8, 30, 10, 11, 0, 0, 244, 151, 5, 3, 35, 38, 2, '2020-06-14 07:00:31', '2020-06-14 07:00:31'),
(822, 8, 31, 9, 24, 0, 0, 458, 133, 10, 0, 46, 6, 3, '2020-06-14 07:00:31', '2020-06-14 07:00:31'),
(823, 8, 32, 4, 15, 0, 0, 1480, 100, 6, 4, 42, 4, 2, '2020-06-14 07:00:31', '2020-06-14 07:00:31'),
(824, 8, 33, 8, 2, 0, 0, 1842, 134, 10, 6, 37, 7, 6, '2020-06-14 07:00:31', '2020-06-14 07:00:31'),
(825, 8, 34, 1, 27, 0, 0, 1087, 83, 9, 2, 13, 50, 6, '2020-06-14 07:00:31', '2020-06-14 07:00:31'),
(826, 8, 35, 8, 28, 0, 0, 877, 197, 1, 7, 33, 8, 8, '2020-06-14 07:00:31', '2020-06-14 07:00:31'),
(827, 8, 36, 10, 34, 0, 0, 1996, 199, 0, 4, 25, 25, 10, '2020-06-14 07:00:31', '2020-06-14 07:00:31'),
(828, 8, 37, 7, 30, 0, 0, 470, 53, 7, 10, 39, 29, 8, '2020-06-14 07:00:31', '2020-06-14 07:00:31'),
(829, 8, 38, 1, 29, 0, 0, 1173, 114, 5, 8, 2, 14, 3, '2020-06-14 07:00:31', '2020-06-14 07:00:31'),
(830, 8, 39, 5, 36, 0, 0, 1932, 55, 8, 3, 18, 42, 1, '2020-06-14 07:00:31', '2020-06-14 07:00:31'),
(831, 8, 40, 6, 12, 0, 0, 272, 57, 2, 8, 7, 2, 9, '2020-06-14 07:00:31', '2020-06-14 07:00:31'),
(832, 8, 41, 10, 15, 0, 0, 1067, 94, 5, 9, 8, 37, 6, '2020-06-14 07:00:31', '2020-06-14 07:00:31'),
(833, 8, 42, 2, 4, 0, 0, 1662, 69, 10, 1, 21, 13, 5, '2020-06-14 07:00:31', '2020-06-14 07:00:31'),
(834, 8, 43, 6, 20, 0, 0, 1647, 186, 8, 3, 6, 37, 8, '2020-06-14 07:00:31', '2020-06-14 07:00:31'),
(835, 8, 44, 9, 22, 0, 0, 1734, 169, 5, 6, 41, 47, 5, '2020-06-14 07:00:31', '2020-06-14 07:00:31'),
(836, 8, 45, 6, 41, 0, 0, 1841, 91, 8, 0, 22, 16, 4, '2020-06-14 07:00:31', '2020-06-14 07:00:31'),
(837, 8, 46, 1, 32, 0, 0, 776, 116, 4, 4, 42, 35, 1, '2020-06-14 07:00:31', '2020-06-14 07:00:31'),
(838, 8, 47, 6, 21, 0, 0, 1446, 166, 8, 6, 13, 3, 2, '2020-06-14 07:00:31', '2020-06-14 07:00:31'),
(839, 8, 48, 3, 27, 0, 0, 921, 155, 10, 10, 41, 13, 10, '2020-06-14 07:00:31', '2020-06-14 07:00:31'),
(840, 8, 49, 7, 36, 0, 0, 959, 162, 0, 3, 42, 4, 2, '2020-06-14 07:00:31', '2020-06-14 07:00:31'),
(841, 8, 50, 8, 29, 0, 0, 1182, 57, 5, 6, 41, 25, 3, '2020-06-14 07:00:31', '2020-06-14 07:00:31'),
(842, 8, 51, 1, 5, 0, 0, 481, 103, 2, 4, 0, 14, 3, '2020-06-14 07:00:31', '2020-06-14 07:00:31');

-- --------------------------------------------------------

--
-- Table structure for table `cricket_series`
--

CREATE TABLE `cricket_series` (
  `id` bigint(20) UNSIGNED NOT NULL,
  `tour_year` varchar(255) COLLATE utf8mb4_unicode_ci NOT NULL,
  `title` varchar(255) COLLATE utf8mb4_unicode_ci NOT NULL,
  `cricket_teams_id` bigint(20) UNSIGNED NOT NULL,
  `type` enum('oneday','test','T20') COLLATE utf8mb4_unicode_ci NOT NULL DEFAULT 'oneday',
  `is_active` enum('0','1') COLLATE utf8mb4_unicode_ci NOT NULL DEFAULT '1',
  `description` text COLLATE utf8mb4_unicode_ci,
  `created_at` timestamp NULL DEFAULT NULL,
  `updated_at` timestamp NULL DEFAULT NULL
) ENGINE=InnoDB DEFAULT CHARSET=utf8mb4 COLLATE=utf8mb4_unicode_ci;

--
-- Dumping data for table `cricket_series`
--

INSERT INTO `cricket_series` (`id`, `tour_year`, `title`, `cricket_teams_id`, `type`, `is_active`, `description`, `created_at`, `updated_at`) VALUES
(1, '2006', 'India tour of New Zealand', 7, 'oneday', '1', NULL, '2020-06-14 07:00:18', '2020-06-14 07:00:18'),
(2, '2004', 'Sri Lanka tour of India', 1, 'oneday', '1', NULL, '2020-06-14 07:00:18', '2020-06-14 07:00:18'),
(3, '2003', 'Australia tour of Sri Lanka', 3, 'test', '1', NULL, '2020-06-14 07:00:18', '2020-06-14 07:00:18'),
(4, '2013', 'Pakistan tour of Australia', 5, 'oneday', '1', NULL, '2020-06-14 07:00:18', '2020-06-14 07:00:18'),
(5, '2005', 'ODI Series', 4, 'oneday', '1', NULL, '2020-06-14 07:00:18', '2020-06-14 07:00:18'),
(6, '2004', 'Twenty20 Series', 5, 'T20', '1', NULL, '2020-06-14 07:00:18', '2020-06-14 07:00:18'),
(7, '2000', 'Australia tour of England', 8, 'oneday', '1', NULL, '2020-06-14 07:00:18', '2020-06-14 07:00:18'),
(8, '2007', 'New Zealand tour of West Indies', 7, 'oneday', '1', NULL, '2020-06-14 07:00:18', '2020-06-14 07:00:18');

-- --------------------------------------------------------

--
-- Table structure for table `cricket_series_matches`
--

CREATE TABLE `cricket_series_matches` (
  `id` bigint(20) UNSIGNED NOT NULL,
  `cricket_series_id` bigint(20) UNSIGNED NOT NULL,
  `team_one` bigint(20) UNSIGNED DEFAULT NULL,
  `team_two` bigint(20) UNSIGNED DEFAULT NULL,
  `winner` varchar(255) COLLATE utf8mb4_unicode_ci DEFAULT NULL,
  `loser` varchar(255) COLLATE utf8mb4_unicode_ci DEFAULT NULL,
  `score_team_one` varchar(255) COLLATE utf8mb4_unicode_ci DEFAULT '0',
  `score_team_two` varchar(255) COLLATE utf8mb4_unicode_ci DEFAULT '0',
  `points_team_one` varchar(255) COLLATE utf8mb4_unicode_ci DEFAULT '0',
  `points_team_two` varchar(255) COLLATE utf8mb4_unicode_ci DEFAULT '0',
  `status` enum('completed','cancelled','fixtures','tie','no_result') COLLATE utf8mb4_unicode_ci NOT NULL DEFAULT 'fixtures',
  `match_date` date NOT NULL,
  `match_time` time NOT NULL,
  `created_at` timestamp NULL DEFAULT NULL,
  `updated_at` timestamp NULL DEFAULT NULL
) ENGINE=InnoDB DEFAULT CHARSET=utf8mb4 COLLATE=utf8mb4_unicode_ci;

--
-- Dumping data for table `cricket_series_matches`
--

INSERT INTO `cricket_series_matches` (`id`, `cricket_series_id`, `team_one`, `team_two`, `winner`, `loser`, `score_team_one`, `score_team_two`, `points_team_one`, `points_team_two`, `status`, `match_date`, `match_time`, `created_at`, `updated_at`) VALUES
(1, 1, 8, 4, '0', '0', '0', '0', '0', '0', 'fixtures', '2019-01-28', '04:00:00', '2020-06-14 07:00:25', '2020-06-14 07:00:25'),
(2, 1, 8, 6, '0', '0', '186', '186', '3', '-2', 'tie', '2018-05-28', '11:00:00', '2020-06-14 07:00:25', '2020-06-14 07:00:25'),
(3, 1, 3, 2, '0', '0', '0', '0', '0', '0', 'fixtures', '2018-04-18', '20:00:00', '2020-06-14 07:00:25', '2020-06-14 07:00:25'),
(4, 2, 4, 3, '4', '3', '222', '220', '3', '-1', 'completed', '2017-09-09', '05:00:00', '2020-06-14 07:00:25', '2020-06-14 07:00:25'),
(5, 2, 8, 5, '0', '0', '392', '219', '2', '3', 'no_result', '2015-11-07', '07:00:00', '2020-06-14 07:00:25', '2020-06-14 07:00:25'),
(6, 2, 8, 7, '0', '0', '0', '0', '0', '0', 'cancelled', '2017-07-29', '05:00:00', '2020-06-14 07:00:25', '2020-06-14 07:00:25'),
(7, 2, 2, 5, '0', '0', '194', '194', '-1', '1', 'tie', '2018-08-22', '10:00:00', '2020-06-14 07:00:25', '2020-06-14 07:00:25'),
(8, 3, 5, 6, '0', '0', '200', '321', '0', '3', 'no_result', '2016-01-08', '16:00:00', '2020-06-14 07:00:25', '2020-06-14 07:00:25'),
(9, 3, 1, 3, '0', '0', '0', '0', '0', '0', 'cancelled', '2017-10-24', '12:00:00', '2020-06-14 07:00:25', '2020-06-14 07:00:25'),
(10, 3, 5, 2, '0', '0', '358', '358', '-2', '2', 'tie', '2019-05-18', '12:00:00', '2020-06-14 07:00:25', '2020-06-14 07:00:25'),
(11, 3, 6, 7, '0', '0', '0', '0', '0', '0', 'fixtures', '2018-08-03', '02:00:00', '2020-06-14 07:00:25', '2020-06-14 07:00:25'),
(12, 3, 2, 6, '0', '0', '331', '331', '1', '3', 'tie', '2017-12-25', '01:00:00', '2020-06-14 07:00:25', '2020-06-14 07:00:25'),
(13, 3, 6, 3, '0', '0', '216', '364', '1', '1', 'no_result', '2016-05-14', '17:00:00', '2020-06-14 07:00:25', '2020-06-14 07:00:25'),
(14, 4, 3, 8, '0', '0', '0', '0', '0', '0', 'fixtures', '2015-06-19', '07:00:00', '2020-06-14 07:00:25', '2020-06-14 07:00:25'),
(15, 4, 5, 2, '5', '2', '228', '212', '3', '-2', 'completed', '2018-06-17', '02:00:00', '2020-06-14 07:00:25', '2020-06-14 07:00:25'),
(16, 4, 5, 3, '0', '0', '0', '0', '0', '0', 'fixtures', '2016-05-11', '01:00:00', '2020-06-14 07:00:25', '2020-06-14 07:00:25'),
(17, 5, 6, 8, '0', '0', '0', '0', '0', '0', 'cancelled', '2019-02-10', '10:00:00', '2020-06-14 07:00:25', '2020-06-14 07:00:25'),
(18, 5, 1, 8, '0', '0', '0', '0', '0', '0', 'fixtures', '2018-12-02', '04:00:00', '2020-06-14 07:00:25', '2020-06-14 07:00:25'),
(19, 5, 2, 7, '0', '0', '0', '0', '0', '0', 'fixtures', '2015-12-14', '16:00:00', '2020-06-14 07:00:25', '2020-06-14 07:00:25'),
(20, 6, 4, 2, '0', '0', '252', '252', '-2', '-1', 'tie', '2019-05-09', '15:00:00', '2020-06-14 07:00:25', '2020-06-14 07:00:25'),
(21, 6, 4, 6, '6', '4', '386', '400', '3', '-1', 'completed', '2019-05-31', '11:00:00', '2020-06-14 07:00:25', '2020-06-14 07:00:25'),
(22, 6, 3, 5, '0', '0', '208', '208', '2', '-1', 'tie', '2019-04-29', '01:00:00', '2020-06-14 07:00:25', '2020-06-14 07:00:25'),
(23, 6, 8, 4, '0', '0', '195', '244', '1', '2', 'no_result', '2017-06-18', '01:00:00', '2020-06-14 07:00:25', '2020-06-14 07:00:25'),
(24, 6, 1, 4, '0', '0', '0', '0', '0', '0', 'cancelled', '2018-09-24', '06:00:00', '2020-06-14 07:00:25', '2020-06-14 07:00:25'),
(25, 6, 5, 7, '7', '5', '277', '395', '3', '-1', 'completed', '2018-12-02', '01:00:00', '2020-06-14 07:00:25', '2020-06-14 07:00:25'),
(26, 7, 2, 6, '0', '0', '277', '277', '2', '0', 'tie', '2015-07-04', '10:00:00', '2020-06-14 07:00:25', '2020-06-14 07:00:25'),
(27, 7, 7, 4, '0', '0', '0', '0', '0', '0', 'fixtures', '2015-04-28', '04:00:00', '2020-06-14 07:00:25', '2020-06-14 07:00:25'),
(28, 7, 4, 6, '4', '6', '222', '189', '-1', '-1', 'completed', '2015-10-27', '02:00:00', '2020-06-14 07:00:25', '2020-06-14 07:00:25'),
(29, 7, 6, 1, '0', '0', '0', '0', '0', '0', 'fixtures', '2016-09-13', '04:00:00', '2020-06-14 07:00:25', '2020-06-14 07:00:25'),
(30, 8, 5, 2, '2', '5', '218', '253', '3', '0', 'completed', '2016-07-21', '05:00:00', '2020-06-14 07:00:25', '2020-06-14 07:00:25'),
(31, 8, 2, 8, '8', '2', '209', '325', '3', '1', 'completed', '2018-10-21', '08:00:00', '2020-06-14 07:00:25', '2020-06-14 07:00:25'),
(32, 8, 1, 5, '0', '0', '193', '356', '0', '1', 'no_result', '2018-10-24', '02:00:00', '2020-06-14 07:00:25', '2020-06-14 07:00:25'),
(33, 8, 5, 1, '1', '5', '279', '286', '-1', '3', 'completed', '2015-07-16', '07:00:00', '2020-06-14 07:00:25', '2020-06-14 07:00:25'),
(34, 8, 5, 3, '0', '0', '0', '0', '0', '0', 'fixtures', '2016-06-14', '16:00:00', '2020-06-14 07:00:25', '2020-06-14 07:00:25'),
(35, 8, 2, 4, '0', '0', '360', '360', '3', '0', 'tie', '2018-05-04', '16:00:00', '2020-06-14 07:00:25', '2020-06-14 07:00:25');

-- --------------------------------------------------------

--
-- Table structure for table `cricket_series_teams`
--

CREATE TABLE `cricket_series_teams` (
  `id` bigint(20) UNSIGNED NOT NULL,
  `cricket_series_id` bigint(20) UNSIGNED NOT NULL,
  `cricket_teams_id` bigint(20) UNSIGNED NOT NULL,
  `is_active` enum('0','1') COLLATE utf8mb4_unicode_ci NOT NULL DEFAULT '1',
  `remarks` text COLLATE utf8mb4_unicode_ci,
  `created_at` timestamp NULL DEFAULT NULL,
  `updated_at` timestamp NULL DEFAULT NULL
) ENGINE=InnoDB DEFAULT CHARSET=utf8mb4 COLLATE=utf8mb4_unicode_ci;

--
-- Dumping data for table `cricket_series_teams`
--

INSERT INTO `cricket_series_teams` (`id`, `cricket_series_id`, `cricket_teams_id`, `is_active`, `remarks`, `created_at`, `updated_at`) VALUES
(1, 1, 1, '1', NULL, '2020-06-14 07:00:21', '2020-06-14 07:00:21'),
(2, 1, 2, '1', NULL, '2020-06-14 07:00:21', '2020-06-14 07:00:21'),
(3, 1, 3, '1', NULL, '2020-06-14 07:00:21', '2020-06-14 07:00:21'),
(4, 1, 4, '1', NULL, '2020-06-14 07:00:21', '2020-06-14 07:00:21'),
(5, 1, 5, '1', NULL, '2020-06-14 07:00:21', '2020-06-14 07:00:21'),
(6, 1, 6, '1', NULL, '2020-06-14 07:00:21', '2020-06-14 07:00:21'),
(7, 2, 1, '1', NULL, '2020-06-14 07:00:21', '2020-06-14 07:00:21'),
(8, 2, 2, '1', NULL, '2020-06-14 07:00:21', '2020-06-14 07:00:21'),
(9, 2, 3, '1', NULL, '2020-06-14 07:00:21', '2020-06-14 07:00:21'),
(10, 2, 4, '1', NULL, '2020-06-14 07:00:21', '2020-06-14 07:00:21'),
(11, 2, 5, '1', NULL, '2020-06-14 07:00:21', '2020-06-14 07:00:21'),
(12, 2, 6, '1', NULL, '2020-06-14 07:00:21', '2020-06-14 07:00:21'),
(13, 2, 7, '1', NULL, '2020-06-14 07:00:21', '2020-06-14 07:00:21'),
(14, 3, 1, '1', NULL, '2020-06-14 07:00:21', '2020-06-14 07:00:21'),
(15, 3, 2, '1', NULL, '2020-06-14 07:00:21', '2020-06-14 07:00:21'),
(16, 3, 3, '1', NULL, '2020-06-14 07:00:21', '2020-06-14 07:00:21'),
(17, 3, 4, '1', NULL, '2020-06-14 07:00:21', '2020-06-14 07:00:21'),
(18, 3, 5, '1', NULL, '2020-06-14 07:00:21', '2020-06-14 07:00:21'),
(19, 3, 6, '1', NULL, '2020-06-14 07:00:21', '2020-06-14 07:00:21'),
(20, 4, 1, '1', NULL, '2020-06-14 07:00:21', '2020-06-14 07:00:21'),
(21, 4, 2, '1', NULL, '2020-06-14 07:00:21', '2020-06-14 07:00:21'),
(22, 4, 3, '1', NULL, '2020-06-14 07:00:21', '2020-06-14 07:00:21'),
(23, 4, 4, '1', NULL, '2020-06-14 07:00:21', '2020-06-14 07:00:21'),
(24, 4, 5, '1', NULL, '2020-06-14 07:00:21', '2020-06-14 07:00:21'),
(25, 4, 6, '1', NULL, '2020-06-14 07:00:21', '2020-06-14 07:00:21'),
(26, 4, 7, '1', NULL, '2020-06-14 07:00:21', '2020-06-14 07:00:21'),
(27, 4, 8, '1', NULL, '2020-06-14 07:00:21', '2020-06-14 07:00:21'),
(28, 5, 1, '1', NULL, '2020-06-14 07:00:21', '2020-06-14 07:00:21'),
(29, 5, 2, '1', NULL, '2020-06-14 07:00:21', '2020-06-14 07:00:21'),
(30, 5, 3, '1', NULL, '2020-06-14 07:00:21', '2020-06-14 07:00:21'),
(31, 5, 4, '1', NULL, '2020-06-14 07:00:21', '2020-06-14 07:00:21'),
(32, 5, 5, '1', NULL, '2020-06-14 07:00:21', '2020-06-14 07:00:21'),
(33, 5, 6, '1', NULL, '2020-06-14 07:00:21', '2020-06-14 07:00:21'),
(34, 5, 7, '1', NULL, '2020-06-14 07:00:21', '2020-06-14 07:00:21'),
(35, 6, 1, '1', NULL, '2020-06-14 07:00:21', '2020-06-14 07:00:21'),
(36, 6, 2, '1', NULL, '2020-06-14 07:00:21', '2020-06-14 07:00:21'),
(37, 6, 3, '1', NULL, '2020-06-14 07:00:21', '2020-06-14 07:00:21'),
(38, 6, 4, '1', NULL, '2020-06-14 07:00:21', '2020-06-14 07:00:21'),
(39, 6, 5, '1', NULL, '2020-06-14 07:00:21', '2020-06-14 07:00:21'),
(40, 6, 6, '1', NULL, '2020-06-14 07:00:21', '2020-06-14 07:00:21'),
(41, 6, 7, '1', NULL, '2020-06-14 07:00:21', '2020-06-14 07:00:21'),
(42, 6, 8, '1', NULL, '2020-06-14 07:00:21', '2020-06-14 07:00:21'),
(43, 7, 1, '1', NULL, '2020-06-14 07:00:21', '2020-06-14 07:00:21'),
(44, 7, 2, '1', NULL, '2020-06-14 07:00:21', '2020-06-14 07:00:21'),
(45, 7, 3, '1', NULL, '2020-06-14 07:00:21', '2020-06-14 07:00:21'),
(46, 7, 4, '1', NULL, '2020-06-14 07:00:21', '2020-06-14 07:00:21'),
(47, 7, 5, '1', NULL, '2020-06-14 07:00:21', '2020-06-14 07:00:21'),
(48, 8, 1, '1', NULL, '2020-06-14 07:00:21', '2020-06-14 07:00:21'),
(49, 8, 2, '1', NULL, '2020-06-14 07:00:21', '2020-06-14 07:00:21'),
(50, 8, 3, '1', NULL, '2020-06-14 07:00:21', '2020-06-14 07:00:21');

-- --------------------------------------------------------

--
-- Table structure for table `cricket_teams`
--

CREATE TABLE `cricket_teams` (
  `id` bigint(20) UNSIGNED NOT NULL,
  `founded` int(11) NOT NULL,
  `name` varchar(255) COLLATE utf8mb4_unicode_ci NOT NULL,
  `short_name` varchar(255) COLLATE utf8mb4_unicode_ci NOT NULL,
  `file` varchar(255) COLLATE utf8mb4_unicode_ci NOT NULL,
  `description` text COLLATE utf8mb4_unicode_ci,
  `is_active` enum('0','1') COLLATE utf8mb4_unicode_ci NOT NULL DEFAULT '1',
  `created_at` timestamp NULL DEFAULT NULL,
  `updated_at` timestamp NULL DEFAULT NULL
) ENGINE=InnoDB DEFAULT CHARSET=utf8mb4 COLLATE=utf8mb4_unicode_ci;

--
-- Dumping data for table `cricket_teams`
--

INSERT INTO `cricket_teams` (`id`, `founded`, `name`, `short_name`, `file`, `description`, `is_active`, `created_at`, `updated_at`) VALUES
(1, 1792, 'India', 'IND', 'ind.png', NULL, '1', '2020-06-14 07:00:14', '2020-06-14 07:00:14'),
(2, 1999, 'Bangladesh', 'BAN', 'ban.png', NULL, '1', '2020-06-14 07:00:14', '2020-06-14 07:00:14'),
(3, 1975, 'Sri Lanka', 'SRL', 'srl.jpeg', NULL, '1', '2020-06-14 07:00:14', '2020-06-14 07:00:14'),
(4, 1949, 'Pakistan', 'PAK', 'pak.png', NULL, '1', '2020-06-14 07:00:14', '2020-06-14 07:00:14'),
(5, 1877, 'Australia', 'AUS', 'aus.png', NULL, '1', '2020-06-14 07:00:14', '2020-06-14 07:00:14'),
(6, 1890, 'West Indies', 'WIN', 'win.png', NULL, '1', '2020-06-14 07:00:14', '2020-06-14 07:00:14'),
(7, 1930, 'New Zealand', 'NEZ', 'nez.png', NULL, '1', '2020-06-14 07:00:14', '2020-06-14 07:00:14'),
(8, 1830, 'England', 'ENG', 'eng.png', NULL, '1', '2020-06-14 07:00:14', '2020-06-14 07:00:14');

-- --------------------------------------------------------

--
-- Table structure for table `cricket_teams_players`
--

CREATE TABLE `cricket_teams_players` (
  `id` bigint(20) UNSIGNED NOT NULL,
  `captain` smallint(6) NOT NULL DEFAULT '0',
  `cricket_teams_id` bigint(20) UNSIGNED NOT NULL,
  `cricket_players_id` bigint(20) UNSIGNED NOT NULL,
  `created_at` timestamp NULL DEFAULT NULL,
  `updated_at` timestamp NULL DEFAULT NULL
) ENGINE=InnoDB DEFAULT CHARSET=utf8mb4 COLLATE=utf8mb4_unicode_ci;

--
-- Dumping data for table `cricket_teams_players`
--

INSERT INTO `cricket_teams_players` (`id`, `captain`, `cricket_teams_id`, `cricket_players_id`, `created_at`, `updated_at`) VALUES
(1, 0, 1, 1, '2020-06-14 07:00:28', '2020-06-14 07:00:28'),
(2, 0, 1, 2, '2020-06-14 07:00:28', '2020-06-14 07:00:28'),
(3, 0, 1, 3, '2020-06-14 07:00:28', '2020-06-14 07:00:28'),
(4, 0, 1, 4, '2020-06-14 07:00:28', '2020-06-14 07:00:28'),
(5, 0, 1, 5, '2020-06-14 07:00:28', '2020-06-14 07:00:28'),
(6, 5, 1, 6, '2020-06-14 07:00:28', '2020-06-14 07:00:28'),
(7, 0, 1, 7, '2020-06-14 07:00:28', '2020-06-14 07:00:28'),
(8, 0, 1, 8, '2020-06-14 07:00:28', '2020-06-14 07:00:28'),
(9, 0, 1, 9, '2020-06-14 07:00:28', '2020-06-14 07:00:28'),
(10, 0, 1, 10, '2020-06-14 07:00:28', '2020-06-14 07:00:28'),
(11, 0, 1, 11, '2020-06-14 07:00:28', '2020-06-14 07:00:28'),
(12, 0, 1, 12, '2020-06-14 07:00:28', '2020-06-14 07:00:28'),
(13, 0, 1, 13, '2020-06-14 07:00:28', '2020-06-14 07:00:28'),
(14, 0, 1, 14, '2020-06-14 07:00:28', '2020-06-14 07:00:28'),
(15, 0, 1, 15, '2020-06-14 07:00:28', '2020-06-14 07:00:28'),
(16, 0, 1, 16, '2020-06-14 07:00:28', '2020-06-14 07:00:28'),
(17, 0, 1, 17, '2020-06-14 07:00:28', '2020-06-14 07:00:28'),
(18, 0, 1, 18, '2020-06-14 07:00:28', '2020-06-14 07:00:28'),
(19, 0, 2, 19, '2020-06-14 07:00:28', '2020-06-14 07:00:28'),
(20, 0, 2, 20, '2020-06-14 07:00:28', '2020-06-14 07:00:28'),
(21, 0, 2, 21, '2020-06-14 07:00:28', '2020-06-14 07:00:28'),
(22, 0, 2, 22, '2020-06-14 07:00:28', '2020-06-14 07:00:28'),
(23, 0, 2, 23, '2020-06-14 07:00:28', '2020-06-14 07:00:28'),
(24, 0, 2, 24, '2020-06-14 07:00:28', '2020-06-14 07:00:28'),
(25, 0, 2, 25, '2020-06-14 07:00:28', '2020-06-14 07:00:28'),
(26, 0, 2, 26, '2020-06-14 07:00:28', '2020-06-14 07:00:28'),
(27, 0, 2, 27, '2020-06-14 07:00:28', '2020-06-14 07:00:28'),
(28, 0, 2, 28, '2020-06-14 07:00:28', '2020-06-14 07:00:28'),
(29, 0, 2, 29, '2020-06-14 07:00:28', '2020-06-14 07:00:28'),
(30, 0, 2, 30, '2020-06-14 07:00:28', '2020-06-14 07:00:28'),
(31, 12, 2, 31, '2020-06-14 07:00:28', '2020-06-14 07:00:28'),
(32, 0, 2, 32, '2020-06-14 07:00:28', '2020-06-14 07:00:28'),
(33, 0, 2, 33, '2020-06-14 07:00:28', '2020-06-14 07:00:28'),
(34, 0, 2, 34, '2020-06-14 07:00:28', '2020-06-14 07:00:28'),
(35, 0, 3, 35, '2020-06-14 07:00:28', '2020-06-14 07:00:28'),
(36, 0, 3, 36, '2020-06-14 07:00:28', '2020-06-14 07:00:28'),
(37, 0, 3, 37, '2020-06-14 07:00:28', '2020-06-14 07:00:28'),
(38, 0, 3, 38, '2020-06-14 07:00:28', '2020-06-14 07:00:28'),
(39, 0, 3, 39, '2020-06-14 07:00:28', '2020-06-14 07:00:28'),
(40, 0, 3, 40, '2020-06-14 07:00:28', '2020-06-14 07:00:28'),
(41, 6, 3, 41, '2020-06-14 07:00:28', '2020-06-14 07:00:28'),
(42, 0, 3, 42, '2020-06-14 07:00:28', '2020-06-14 07:00:28'),
(43, 0, 3, 43, '2020-06-14 07:00:28', '2020-06-14 07:00:28'),
(44, 0, 3, 44, '2020-06-14 07:00:28', '2020-06-14 07:00:28'),
(45, 0, 3, 45, '2020-06-14 07:00:28', '2020-06-14 07:00:28'),
(46, 0, 3, 46, '2020-06-14 07:00:28', '2020-06-14 07:00:28'),
(47, 0, 3, 47, '2020-06-14 07:00:28', '2020-06-14 07:00:28'),
(48, 0, 3, 48, '2020-06-14 07:00:28', '2020-06-14 07:00:28'),
(49, 0, 3, 49, '2020-06-14 07:00:28', '2020-06-14 07:00:28'),
(50, 0, 3, 50, '2020-06-14 07:00:28', '2020-06-14 07:00:28'),
(51, 0, 3, 51, '2020-06-14 07:00:28', '2020-06-14 07:00:28'),
(52, 0, 4, 52, '2020-06-14 07:00:28', '2020-06-14 07:00:28'),
(53, 0, 4, 53, '2020-06-14 07:00:28', '2020-06-14 07:00:28'),
(54, 0, 4, 54, '2020-06-14 07:00:28', '2020-06-14 07:00:28'),
(55, 0, 4, 55, '2020-06-14 07:00:28', '2020-06-14 07:00:28'),
(56, 0, 4, 56, '2020-06-14 07:00:28', '2020-06-14 07:00:28'),
(57, 0, 4, 57, '2020-06-14 07:00:28', '2020-06-14 07:00:28'),
(58, 0, 4, 58, '2020-06-14 07:00:28', '2020-06-14 07:00:28'),
(59, 0, 4, 59, '2020-06-14 07:00:28', '2020-06-14 07:00:28'),
(60, 8, 4, 60, '2020-06-14 07:00:28', '2020-06-14 07:00:28'),
(61, 0, 4, 61, '2020-06-14 07:00:28', '2020-06-14 07:00:28'),
(62, 0, 4, 62, '2020-06-14 07:00:28', '2020-06-14 07:00:28'),
(63, 0, 4, 63, '2020-06-14 07:00:28', '2020-06-14 07:00:28'),
(64, 0, 4, 64, '2020-06-14 07:00:28', '2020-06-14 07:00:28'),
(65, 0, 4, 65, '2020-06-14 07:00:28', '2020-06-14 07:00:28'),
(66, 0, 4, 66, '2020-06-14 07:00:28', '2020-06-14 07:00:28'),
(67, 0, 4, 67, '2020-06-14 07:00:28', '2020-06-14 07:00:28'),
(68, 0, 5, 68, '2020-06-14 07:00:28', '2020-06-14 07:00:28'),
(69, 0, 5, 69, '2020-06-14 07:00:28', '2020-06-14 07:00:28'),
(70, 2, 5, 70, '2020-06-14 07:00:28', '2020-06-14 07:00:28'),
(71, 0, 5, 71, '2020-06-14 07:00:28', '2020-06-14 07:00:28'),
(72, 0, 5, 72, '2020-06-14 07:00:28', '2020-06-14 07:00:28'),
(73, 0, 5, 73, '2020-06-14 07:00:28', '2020-06-14 07:00:28'),
(74, 0, 5, 74, '2020-06-14 07:00:28', '2020-06-14 07:00:28'),
(75, 0, 5, 75, '2020-06-14 07:00:28', '2020-06-14 07:00:28'),
(76, 0, 5, 76, '2020-06-14 07:00:28', '2020-06-14 07:00:28'),
(77, 0, 5, 77, '2020-06-14 07:00:28', '2020-06-14 07:00:28'),
(78, 0, 5, 78, '2020-06-14 07:00:28', '2020-06-14 07:00:28'),
(79, 0, 5, 79, '2020-06-14 07:00:28', '2020-06-14 07:00:28'),
(80, 0, 5, 80, '2020-06-14 07:00:28', '2020-06-14 07:00:28'),
(81, 0, 5, 81, '2020-06-14 07:00:28', '2020-06-14 07:00:28'),
(82, 0, 5, 82, '2020-06-14 07:00:28', '2020-06-14 07:00:28'),
(83, 0, 5, 83, '2020-06-14 07:00:28', '2020-06-14 07:00:28'),
(84, 0, 6, 84, '2020-06-14 07:00:28', '2020-06-14 07:00:28'),
(85, 0, 6, 85, '2020-06-14 07:00:28', '2020-06-14 07:00:28'),
(86, 0, 6, 86, '2020-06-14 07:00:28', '2020-06-14 07:00:28'),
(87, 0, 6, 87, '2020-06-14 07:00:28', '2020-06-14 07:00:28'),
(88, 0, 6, 88, '2020-06-14 07:00:28', '2020-06-14 07:00:28'),
(89, 0, 6, 89, '2020-06-14 07:00:28', '2020-06-14 07:00:28'),
(90, 0, 6, 90, '2020-06-14 07:00:28', '2020-06-14 07:00:28'),
(91, 7, 6, 91, '2020-06-14 07:00:28', '2020-06-14 07:00:28'),
(92, 0, 6, 92, '2020-06-14 07:00:28', '2020-06-14 07:00:28'),
(93, 0, 6, 93, '2020-06-14 07:00:28', '2020-06-14 07:00:28'),
(94, 0, 6, 94, '2020-06-14 07:00:28', '2020-06-14 07:00:28'),
(95, 0, 6, 95, '2020-06-14 07:00:28', '2020-06-14 07:00:28'),
(96, 0, 6, 96, '2020-06-14 07:00:28', '2020-06-14 07:00:28'),
(97, 0, 6, 97, '2020-06-14 07:00:28', '2020-06-14 07:00:28'),
(98, 0, 6, 98, '2020-06-14 07:00:28', '2020-06-14 07:00:28'),
(99, 0, 6, 99, '2020-06-14 07:00:28', '2020-06-14 07:00:28'),
(100, 0, 6, 100, '2020-06-14 07:00:28', '2020-06-14 07:00:28'),
(101, 0, 6, 101, '2020-06-14 07:00:28', '2020-06-14 07:00:28'),
(102, 0, 7, 102, '2020-06-14 07:00:28', '2020-06-14 07:00:28'),
(103, 0, 7, 103, '2020-06-14 07:00:28', '2020-06-14 07:00:28'),
(104, 0, 7, 104, '2020-06-14 07:00:28', '2020-06-14 07:00:28'),
(105, 0, 7, 105, '2020-06-14 07:00:28', '2020-06-14 07:00:28'),
(106, 0, 7, 106, '2020-06-14 07:00:28', '2020-06-14 07:00:28'),
(107, 0, 7, 107, '2020-06-14 07:00:28', '2020-06-14 07:00:28'),
(108, 0, 7, 108, '2020-06-14 07:00:28', '2020-06-14 07:00:28'),
(109, 0, 7, 109, '2020-06-14 07:00:28', '2020-06-14 07:00:28'),
(110, 8, 7, 110, '2020-06-14 07:00:28', '2020-06-14 07:00:28'),
(111, 0, 7, 111, '2020-06-14 07:00:28', '2020-06-14 07:00:28'),
(112, 0, 7, 112, '2020-06-14 07:00:28', '2020-06-14 07:00:28'),
(113, 0, 7, 113, '2020-06-14 07:00:28', '2020-06-14 07:00:28'),
(114, 0, 7, 114, '2020-06-14 07:00:28', '2020-06-14 07:00:28'),
(115, 0, 7, 115, '2020-06-14 07:00:28', '2020-06-14 07:00:28'),
(116, 0, 7, 116, '2020-06-14 07:00:28', '2020-06-14 07:00:28'),
(117, 0, 7, 117, '2020-06-14 07:00:28', '2020-06-14 07:00:28'),
(118, 0, 7, 118, '2020-06-14 07:00:28', '2020-06-14 07:00:28'),
(119, 0, 7, 119, '2020-06-14 07:00:28', '2020-06-14 07:00:28'),
(120, 0, 8, 120, '2020-06-14 07:00:28', '2020-06-14 07:00:28'),
(121, 0, 8, 121, '2020-06-14 07:00:28', '2020-06-14 07:00:28'),
(122, 0, 8, 122, '2020-06-14 07:00:28', '2020-06-14 07:00:28'),
(123, 0, 8, 123, '2020-06-14 07:00:28', '2020-06-14 07:00:28'),
(124, 0, 8, 124, '2020-06-14 07:00:28', '2020-06-14 07:00:28'),
(125, 0, 8, 125, '2020-06-14 07:00:28', '2020-06-14 07:00:28'),
(126, 0, 8, 126, '2020-06-14 07:00:28', '2020-06-14 07:00:28'),
(127, 0, 8, 127, '2020-06-14 07:00:28', '2020-06-14 07:00:28'),
(128, 0, 8, 128, '2020-06-14 07:00:28', '2020-06-14 07:00:28'),
(129, 0, 8, 129, '2020-06-14 07:00:28', '2020-06-14 07:00:28'),
(130, 0, 8, 130, '2020-06-14 07:00:28', '2020-06-14 07:00:28'),
(131, 11, 8, 131, '2020-06-14 07:00:28', '2020-06-14 07:00:28'),
(132, 0, 8, 132, '2020-06-14 07:00:28', '2020-06-14 07:00:28'),
(133, 0, 8, 133, '2020-06-14 07:00:28', '2020-06-14 07:00:28'),
(134, 0, 8, 134, '2020-06-14 07:00:28', '2020-06-14 07:00:28');

-- --------------------------------------------------------

--
-- Table structure for table `cricket_teams_points`
--

CREATE TABLE `cricket_teams_points` (
  `id` bigint(20) UNSIGNED NOT NULL,
  `cricket_teams_id` bigint(20) UNSIGNED NOT NULL,
  `won` bigint(20) NOT NULL DEFAULT '0',
  `lost` bigint(20) NOT NULL DEFAULT '0',
  `tied` bigint(20) NOT NULL DEFAULT '0',
  `noresult` bigint(20) NOT NULL DEFAULT '0',
  `points` bigint(20) NOT NULL DEFAULT '0',
  `created_at` timestamp NULL DEFAULT NULL,
  `updated_at` timestamp NULL DEFAULT NULL
) ENGINE=InnoDB DEFAULT CHARSET=utf8mb4 COLLATE=utf8mb4_unicode_ci;

--
-- Dumping data for table `cricket_teams_points`
--

INSERT INTO `cricket_teams_points` (`id`, `cricket_teams_id`, `won`, `lost`, `tied`, `noresult`, `points`, `created_at`, `updated_at`) VALUES
(1, 1, 311, 173, 84, 55, 3130, '2020-06-14 07:00:34', '2020-06-14 07:00:34'),
(2, 2, 143, 165, 59, 102, 3919, '2020-06-14 07:00:34', '2020-06-14 07:00:34'),
(3, 3, 219, 247, 124, 146, 3291, '2020-06-14 07:00:34', '2020-06-14 07:00:34'),
(4, 4, 236, 104, 171, 121, 4931, '2020-06-14 07:00:34', '2020-06-14 07:00:34'),
(5, 5, 312, 189, 143, 164, 3399, '2020-06-14 07:00:34', '2020-06-14 07:00:34'),
(6, 6, 277, 121, 181, 188, 1459, '2020-06-14 07:00:34', '2020-06-14 07:00:34'),
(7, 7, 456, 193, 54, 161, 4258, '2020-06-14 07:00:34', '2020-06-14 07:00:34'),
(8, 8, 285, 241, 66, 82, 4140, '2020-06-14 07:00:34', '2020-06-14 07:00:34');

-- --------------------------------------------------------

--
-- Table structure for table `migrations`
--

CREATE TABLE `migrations` (
  `id` int(10) UNSIGNED NOT NULL,
  `migration` varchar(255) COLLATE utf8mb4_unicode_ci NOT NULL,
  `batch` int(11) NOT NULL
) ENGINE=InnoDB DEFAULT CHARSET=utf8mb4 COLLATE=utf8mb4_unicode_ci;

--
-- Dumping data for table `migrations`
--

INSERT INTO `migrations` (`id`, `migration`, `batch`) VALUES
(1, '2020_06_10_144450_create_cricket_teams_table', 1),
(2, '2020_06_10_144570_create_cricket_players_table', 1),
(3, '2020_06_10_144690_create_cricket_series_table', 1),
(4, '2020_06_10_145100_create_cricket_series_teams_table', 1),
(5, '2020_06_10_145130_create_cricket_series_matches_table', 1),
(6, '2020_06_10_145310_create_cricket_teams_players_table', 1),
(7, '2020_06_10_145470_create_cricket_players_histories_table', 1),
(8, '2020_06_10_145590_create_cricket_teams_points_table', 1);

--
-- Indexes for dumped tables
--

--
-- Indexes for table `cricket_players`
--
ALTER TABLE `cricket_players`
  ADD PRIMARY KEY (`id`),
  ADD KEY `cricket_players_cricket_teams_id_index` (`cricket_teams_id`);

--
-- Indexes for table `cricket_players_histories`
--
ALTER TABLE `cricket_players_histories`
  ADD PRIMARY KEY (`id`),
  ADD KEY `cricket_players_histories_cricket_series_id_index` (`cricket_series_id`),
  ADD KEY `cricket_players_histories_cricket_players_id_index` (`cricket_players_id`);

--
-- Indexes for table `cricket_series`
--
ALTER TABLE `cricket_series`
  ADD PRIMARY KEY (`id`),
  ADD UNIQUE KEY `cricket_series_title_unique` (`title`),
  ADD KEY `cricket_series_cricket_teams_id_index` (`cricket_teams_id`);

--
-- Indexes for table `cricket_series_matches`
--
ALTER TABLE `cricket_series_matches`
  ADD PRIMARY KEY (`id`),
  ADD KEY `cricket_series_matches_cricket_series_id_index` (`cricket_series_id`),
  ADD KEY `cricket_series_matches_team_one_index` (`team_one`),
  ADD KEY `cricket_series_matches_team_two_index` (`team_two`);

--
-- Indexes for table `cricket_series_teams`
--
ALTER TABLE `cricket_series_teams`
  ADD PRIMARY KEY (`id`),
  ADD KEY `cricket_series_teams_cricket_series_id_index` (`cricket_series_id`),
  ADD KEY `cricket_series_teams_cricket_teams_id_index` (`cricket_teams_id`);

--
-- Indexes for table `cricket_teams`
--
ALTER TABLE `cricket_teams`
  ADD PRIMARY KEY (`id`);

--
-- Indexes for table `cricket_teams_players`
--
ALTER TABLE `cricket_teams_players`
  ADD PRIMARY KEY (`id`),
  ADD KEY `cricket_teams_players_cricket_teams_id_index` (`cricket_teams_id`),
  ADD KEY `cricket_teams_players_cricket_players_id_index` (`cricket_players_id`);

--
-- Indexes for table `cricket_teams_points`
--
ALTER TABLE `cricket_teams_points`
  ADD PRIMARY KEY (`id`),
  ADD UNIQUE KEY `cricket_teams_points_cricket_teams_id_unique` (`cricket_teams_id`),
  ADD KEY `cricket_teams_points_cricket_teams_id_index` (`cricket_teams_id`);

--
-- Indexes for table `migrations`
--
ALTER TABLE `migrations`
  ADD PRIMARY KEY (`id`);

--
-- AUTO_INCREMENT for dumped tables
--

--
-- AUTO_INCREMENT for table `cricket_players`
--
ALTER TABLE `cricket_players`
  MODIFY `id` bigint(20) UNSIGNED NOT NULL AUTO_INCREMENT, AUTO_INCREMENT=135;
--
-- AUTO_INCREMENT for table `cricket_players_histories`
--
ALTER TABLE `cricket_players_histories`
  MODIFY `id` bigint(20) UNSIGNED NOT NULL AUTO_INCREMENT, AUTO_INCREMENT=843;
--
-- AUTO_INCREMENT for table `cricket_series`
--
ALTER TABLE `cricket_series`
  MODIFY `id` bigint(20) UNSIGNED NOT NULL AUTO_INCREMENT, AUTO_INCREMENT=9;
--
-- AUTO_INCREMENT for table `cricket_series_matches`
--
ALTER TABLE `cricket_series_matches`
  MODIFY `id` bigint(20) UNSIGNED NOT NULL AUTO_INCREMENT, AUTO_INCREMENT=36;
--
-- AUTO_INCREMENT for table `cricket_series_teams`
--
ALTER TABLE `cricket_series_teams`
  MODIFY `id` bigint(20) UNSIGNED NOT NULL AUTO_INCREMENT, AUTO_INCREMENT=51;
--
-- AUTO_INCREMENT for table `cricket_teams`
--
ALTER TABLE `cricket_teams`
  MODIFY `id` bigint(20) UNSIGNED NOT NULL AUTO_INCREMENT, AUTO_INCREMENT=9;
--
-- AUTO_INCREMENT for table `cricket_teams_players`
--
ALTER TABLE `cricket_teams_players`
  MODIFY `id` bigint(20) UNSIGNED NOT NULL AUTO_INCREMENT, AUTO_INCREMENT=135;
--
-- AUTO_INCREMENT for table `cricket_teams_points`
--
ALTER TABLE `cricket_teams_points`
  MODIFY `id` bigint(20) UNSIGNED NOT NULL AUTO_INCREMENT, AUTO_INCREMENT=9;
--
-- AUTO_INCREMENT for table `migrations`
--
ALTER TABLE `migrations`
  MODIFY `id` int(10) UNSIGNED NOT NULL AUTO_INCREMENT, AUTO_INCREMENT=9;
--
-- Constraints for dumped tables
--

--
-- Constraints for table `cricket_players`
--
ALTER TABLE `cricket_players`
  ADD CONSTRAINT `cricket_players_cricket_teams_id_foreign` FOREIGN KEY (`cricket_teams_id`) REFERENCES `cricket_teams` (`id`) ON DELETE CASCADE ON UPDATE CASCADE;

--
-- Constraints for table `cricket_players_histories`
--
ALTER TABLE `cricket_players_histories`
  ADD CONSTRAINT `cricket_players_histories_cricket_players_id_foreign` FOREIGN KEY (`cricket_players_id`) REFERENCES `cricket_players` (`id`) ON DELETE CASCADE ON UPDATE CASCADE,
  ADD CONSTRAINT `cricket_players_histories_cricket_series_id_foreign` FOREIGN KEY (`cricket_series_id`) REFERENCES `cricket_series` (`id`) ON DELETE CASCADE ON UPDATE CASCADE;

--
-- Constraints for table `cricket_series`
--
ALTER TABLE `cricket_series`
  ADD CONSTRAINT `cricket_series_cricket_teams_id_foreign` FOREIGN KEY (`cricket_teams_id`) REFERENCES `cricket_teams` (`id`) ON DELETE CASCADE ON UPDATE CASCADE;

--
-- Constraints for table `cricket_series_matches`
--
ALTER TABLE `cricket_series_matches`
  ADD CONSTRAINT `cricket_series_matches_cricket_series_id_foreign` FOREIGN KEY (`cricket_series_id`) REFERENCES `cricket_series` (`id`) ON DELETE CASCADE ON UPDATE CASCADE,
  ADD CONSTRAINT `cricket_series_matches_team_one_foreign` FOREIGN KEY (`team_one`) REFERENCES `cricket_teams` (`id`) ON DELETE CASCADE ON UPDATE CASCADE,
  ADD CONSTRAINT `cricket_series_matches_team_two_foreign` FOREIGN KEY (`team_two`) REFERENCES `cricket_teams` (`id`) ON DELETE CASCADE ON UPDATE CASCADE;

--
-- Constraints for table `cricket_series_teams`
--
ALTER TABLE `cricket_series_teams`
  ADD CONSTRAINT `cricket_series_teams_cricket_series_id_foreign` FOREIGN KEY (`cricket_series_id`) REFERENCES `cricket_series` (`id`) ON DELETE CASCADE ON UPDATE CASCADE,
  ADD CONSTRAINT `cricket_series_teams_cricket_teams_id_foreign` FOREIGN KEY (`cricket_teams_id`) REFERENCES `cricket_teams` (`id`) ON DELETE CASCADE ON UPDATE CASCADE;

--
-- Constraints for table `cricket_teams_players`
--
ALTER TABLE `cricket_teams_players`
  ADD CONSTRAINT `cricket_teams_players_cricket_players_id_foreign` FOREIGN KEY (`cricket_players_id`) REFERENCES `cricket_players` (`id`) ON DELETE CASCADE ON UPDATE CASCADE,
  ADD CONSTRAINT `cricket_teams_players_cricket_teams_id_foreign` FOREIGN KEY (`cricket_teams_id`) REFERENCES `cricket_teams` (`id`) ON DELETE CASCADE ON UPDATE CASCADE;

--
-- Constraints for table `cricket_teams_points`
--
ALTER TABLE `cricket_teams_points`
  ADD CONSTRAINT `cricket_teams_points_cricket_teams_id_foreign` FOREIGN KEY (`cricket_teams_id`) REFERENCES `cricket_teams` (`id`) ON DELETE CASCADE ON UPDATE CASCADE;

/*!40101 SET CHARACTER_SET_CLIENT=@OLD_CHARACTER_SET_CLIENT */;
/*!40101 SET CHARACTER_SET_RESULTS=@OLD_CHARACTER_SET_RESULTS */;
/*!40101 SET COLLATION_CONNECTION=@OLD_COLLATION_CONNECTION */;
